티커,BPS,PER,PBR,EPS,DIV,DPS
095570,9902,8.22,0.4,485,6.78,270
006840,40295,0.0,0.29,0,3.38,400
027410,18202,4.45,0.24,963,3.03,130
282330,68546,11.06,1.82,11301,3.28,4100
138930,33604,5.42,0.35,2174,5.51,650
001460,66074,17.12,0.57,2205,0.93,350
001465,0,0.0,0.0,0,1.66,355
001040,162804,53.09,0.98,2993,1.89,3000
079160,4177,0.0,1.27,0,0.0,0
00104K,0,0.0,0.0,0,2.33,3050
000120,197983,7.5,0.46,12088,0.88,800
011150,2315,22.05,1.32,139,0.0,0
011155,0,0.0,0.0,0,0.0,0
001045,0,0.0,0.0,0,3.65,3050
097950,490755,26.29,0.5,9244,2.47,6000
097955,0,0.0,0.0,0,4.1,6050
000480,14790,0.0,0.37,0,7.47,410
000590,305543,2.98,0.29,29452,0.57,500
012030,2060,2.98,0.7,486,0.0,0
005830,154832,3.9,0.78,30838,5.66,6800
016610,25569,6.66,0.32,1233,4.87,400
000990,47181,8.52,1.0,5520,2.61,1230
000300,426,0.35,4.66,5650,0.0,0
001530,27850,500.0,1.4,78,0.64,250
015590,535,51.5,0.96,10,0.0,0
000210,181662,10.83,0.24,3948,2.34,1000
000215,0,0.0,0.0,0,4.5,1050
375500,114139,8.57,0.41,5413,1.16,540
37550L,0,0.0,0.0,0,1.7,540
37550K,0,0.0,0.0,0,2.68,590
007340,33645,3.46,0.64,6222,4.64,1000
004840,20777,10.31,0.24,491,1.98,100
155660,14456,4.43,0.28,907,1.74,70
069730,11477,0.0,0.33,0,2.64,100
017860,15941,0.0,1.67,0,0.0,0
092780,10894,6.82,0.42,672,1.74,80
017940,287645,7.14,0.27,10873,4.45,3450
383220,41565,8.34,1.91,9504,2.14,1700
007700,56520,6.28,0.3,2738,2.62,450
114090,6686,28.26,2.26,534,1.87,282
078930,148685,7.75,0.31,5988,5.82,2700
006360,51998,7.55,0.42,2893,1.37,300
001250,6449,4.08,0.42,657,0.93,25
007070,38375,679.6,0.44,25,2.94,500
078935,0,0.0,0.0,0,6.49,2750
499790,42282,0.0,0.83,0,0.0,0
012630,52784,7.75,0.43,2903,1.56,350
039570,11586,11.65,0.83,826,4.68,450
089470,12861,5.6,0.31,709,3.53,140
294870,48537,10.01,0.5,2427,2.88,700
009540,156961,22.65,2.39,16578,1.36,5100
267250,122761,17.88,1.05,7203,2.8,3600
267270,93865,13.57,0.81,5595,0.66,500
443060,17402,39.12,11.92,5304,1.52,3150
071970,9120,21.35,5.76,2459,0.0,0
010620,51353,69.92,3.6,2646,0.38,710
322000,33007,4530.0,1.37,10,0.0,0
042670,9602,22.82,1.32,556,0.55,70
267260,41725,33.73,11.26,13935,1.14,5350
329180,64259,63.28,6.89,7001,0.47,2090
097230,4125,116.09,1.8,64,0.0,0
014790,10129,10.52,0.27,258,0.0,0
003580,1888,0.0,1.62,0,0.0,0
204320,53635,12.16,0.63,2767,2.08,700
060980,113030,19.91,0.37,2087,4.81,2000
011200,31615,4.6,0.73,4999,2.61,600
035000,12518,5.61,0.63,1400,7.0,550
002460,40576,8.48,0.27,1293,4.56,500
487570,148012,106.54,0.43,596,0.0,0
298050,233784,17.93,0.86,11154,3.25,6500
003560,15486,0.0,0.69,0,0.0,0
015360,111347,7.84,0.48,6789,7.52,4000
175330,29348,6.14,0.72,3439,4.72,995
234080,12945,4.32,0.95,2841,4.08,500
001060,13406,8.7,1.72,2644,1.96,450
001067,0,0.0,0.0,0,0.7,450
001065,0,0.0,0.0,0,1.59,475
096760,3248,4.34,1.17,874,3.03,115
105560,154949,8.27,0.69,12880,2.98,3174
002380,685232,7.44,0.46,42230,3.18,10000
344820,93390,14.43,0.36,2318,5.38,1800
009070,9858,4.8,0.42,860,1.82,75
009440,7136,0.46,0.11,1642,0.0,0
119650,2632,0.0,0.35,0,0.0,0
092220,1739,0.0,0.46,0,0.0,0
003620,7233,20.17,0.49,175,0.0,0
016380,20053,4.57,0.31,1338,4.08,250
001390,13897,4.96,0.33,919,2.85,130
033180,18796,0.0,0.28,0,0.0,0
001940,93328,9.91,0.27,2548,7.13,1800
025000,145591,3.54,0.33,13504,6.81,3250
092230,256552,3.39,0.26,19783,6.34,4250
000040,543,0.0,0.78,0,0.0,0
044450,23452,3.87,0.42,2543,4.07,400
030200,65942,27.09,0.79,1912,3.86,2000
033780,85662,11.09,1.47,11314,4.3,5400
058850,5065,21.04,0.58,139,3.42,100
058860,6796,7.56,0.43,387,4.1,120
093050,57258,6.66,0.31,2694,3.9,700
003550,175634,20.88,0.44,3712,4.0,3100
034220,13085,0.0,0.7,0,0.0,0
051900,332194,30.89,1.05,11281,1.0,3500
051905,0,0.0,0.0,0,2.57,3550
064400,24257,21.39,3.69,4180,1.87,1672
373220,90240,0.0,3.38,0,0.0,0
003555,0,0.0,0.0,0,5.07,3150
032640,19906,15.18,0.66,871,4.92,650
011070,226240,7.89,0.66,18985,1.4,2090
066570,116595,36.35,0.63,2036,1.35,1000
066575,0,0.0,0.0,0,2.86,1050
037560,5734,0.0,0.46,0,0.0,0
051910,425221,0.0,0.5,0,0.47,1000
051915,0,0.0,0.0,0,0.98,1050
079550,55550,59.86,10.96,10173,0.39,2400
006260,167908,20.4,1.05,8677,0.93,1650
010120,61908,34.1,4.45,8078,1.05,2900
000680,6927,0.0,0.56,0,0.0,0
229640,6048,33.59,5.72,1030,0.58,200
108320,66378,7.85,0.95,8024,3.81,2400
001120,73962,6.36,0.42,4885,6.44,2000
108670,87164,7.11,0.36,4435,3.17,1000
108675,0,0.0,0.0,0,5.58,1050
383800,24061,4.55,0.39,2063,3.09,290
38380K,0,0.0,0.0,0,3.26,300
023150,10061,0.0,0.54,0,4.63,250
035420,170953,21.22,1.58,12702,0.42,1130
181710,45675,0.0,0.74,0,1.47,500
005940,23474,9.75,0.82,1966,4.96,950
005945,0,0.0,0.0,0,5.75,1000
034310,21632,9.21,0.57,1349,4.02,500
030190,7031,11.94,2.2,1296,2.97,460
008260,9017,4.25,0.42,901,2.61,100
004250,11496,2.39,0.39,1893,2.32,105
004255,0,0.0,0.0,0,4.16,110
456040,134902,5.15,0.41,10850,3.94,2200
010060,211976,14.24,0.34,5077,3.04,2200
178920,11507,22.29,1.54,796,1.97,350
001340,4834,69.76,1.18,82,0.0,0
005490,732527,18.16,0.36,14451,3.81,10000
010950,74692,0.0,0.82,0,0.2,125
010955,0,0.0,0.0,0,0.38,150
034120,48749,14.82,0.55,1825,0.0,0
003080,6421,0.0,0.44,0,4.82,135
005090,52585,5.48,0.47,4513,6.87,1700
001380,3329,12.16,0.51,140,0.0,0
004060,1346,12.7,0.25,27,0.0,0
001770,44133,7.56,0.41,2410,0.55,100
002360,733,0.0,0.65,0,0.0,0
009160,11153,9.86,0.45,506,4.01,200
033530,16867,3.75,0.28,1247,3.21,150
123700,13949,2.6,0.25,1333,5.06,175
025530,12262,5.15,0.29,699,6.25,225
034730,455927,0.0,0.43,0,3.56,7000
011790,34412,0.0,3.24,0,0.0,0
018670,304064,12.25,0.8,19926,3.28,8000
001740,10588,18.33,0.41,239,6.85,300
006120,148036,42.15,0.36,1281,3.15,1700
006125,0,0.0,0.0,0,4.35,1750
210980,30637,4.34,0.33,2296,6.02,600
302440,23007,0.0,2.23,0,0.0,0
326030,6975,30.22,13.32,3074,0.0,0
402340,142904,5.6,1.09,27772,0.0,0
361610,32604,0.0,0.8,0,0.0,0
100090,11974,67.26,1.56,277,0.0,0
03473K,0,0.0,0.0,0,4.41,7050
096770,165656,0.0,0.62,0,1.95,2000
096775,0,0.0,0.0,0,2.96,2050
475150,7187,32.64,3.07,677,0.0,0
001510,1319,0.0,0.49,0,0.15,1
001515,0,0.0,0.0,0,0.27,6
285130,114678,169.95,0.56,376,1.8,1150
28513K,0,0.0,0.0,0,4.39,1200
017670,54952,9.74,1.02,5780,6.29,3540
000660,107256,8.94,2.4,28732,0.86,2204
003570,35293,13.25,1.61,4293,2.28,1300
064960,45531,7.42,0.7,4299,2.94,937
100840,15499,23.9,2.7,1753,1.19,500
036530,85501,5.38,0.62,9885,3.01,1600
005610,59200,5.4,0.97,10671,3.13,1800
011810,1739,0.0,2.04,0,0.0,0
465770,10564,2.91,0.96,3470,0.0,0
077970,10004,39.79,2.47,622,0.0,0
002820,18466,0.0,0.16,0,0.0,0
084870,2952,0.0,0.45,0,3.04,40
002710,9726,21.3,1.68,769,0.61,100
069260,22621,8.18,0.73,2024,6.04,1000
007980,5014,3.3,0.3,456,3.32,50
002900,9504,12.45,0.56,424,2.08,110
024070,5701,0.0,0.35,0,2.48,50
037270,2595,428.42,3.14,19,0.0,0
139130,36006,10.51,0.33,1121,4.24,500
000500,46022,19.66,1.4,3270,0.0,0
000860,47643,12.33,0.26,1020,1.99,250
035250,19379,7.99,0.93,2257,6.49,1170
011420,2286,26.67,1.22,105,0.0,0
002100,14088,10.61,0.73,963,4.4,450
009450,48116,8.54,1.53,8603,0.88,650
267290,75694,4.17,0.27,4859,4.32,875
012320,219935,6.38,0.29,9940,1.18,750
000050,30489,8.42,0.26,947,1.88,150
214390,6113,24.9,0.79,194,1.04,50
012610,5828,9.39,0.6,370,1.44,50
009140,58776,10.5,0.35,1966,1.69,350
013580,95717,4.13,0.23,5350,1.81,400
012200,1962,0.0,0.74,0,0.0,0
012205,0,0.0,0.0,0,0.0,0
002140,4414,18.44,0.68,163,1.0,30
010130,403756,86.0,2.02,9488,2.14,17500
002240,66041,14.5,0.27,1248,1.93,350
009290,14719,5.67,0.39,1011,1.75,100
017040,1709,0.0,1.17,0,0.0,0
017900,4746,9.49,0.42,209,2.52,50
037710,109755,4.94,0.27,5962,7.47,2200
030610,17593,8.1,0.48,1043,5.92,500
339770,3573,126.36,1.56,44,1.8,100
007690,98042,32.7,0.34,1032,1.78,600
001140,619,0.0,3.41,0,0.0,0
002720,4397,18.79,1.09,256,0.62,30
083420,5244,24.33,1.63,351,2.81,240
014530,6125,13.28,0.58,267,5.64,200
014280,14439,21.02,0.31,216,2.64,120
014285,0,0.0,0.0,0,1.84,130
008870,99570,13.57,0.6,4384,2.52,1500
001570,7941,0.0,1.25,0,0.0,0
002990,6340,0.0,0.54,0,0.0,0
002995,0,0.0,0.0,0,0.0,0
011780,232363,8.48,0.49,13328,1.95,2200
011785,0,0.0,0.0,0,3.97,2250
214330,1497,0.0,0.47,0,0.0,0
001210,405,0.0,2.84,0,0.0,0
073240,5990,3.97,0.75,1131,0.0,0
092440,8537,43.22,0.3,59,4.71,120
000270,141812,3.96,0.7,24893,6.59,6500
024110,42570,5.57,0.41,3106,6.16,1065
013700,1587,0.0,0.7,0,1.81,20
004540,5057,0.0,0.42,0,0.0,0
004545,0,0.0,0.0,0,0.0,0
001260,12183,15.83,0.82,631,0.0,0
008350,2300,0.0,0.54,0,0.0,0
008355,0,0.0,0.0,0,0.0,0
004270,3432,8.04,0.33,142,0.0,0
003920,76517,2459.26,0.87,27,0.15,100
003925,0,0.0,0.0,0,0.24,105
025860,11040,15.05,0.72,525,1.01,80
005720,24397,3.79,0.25,1637,2.18,135
005725,0,0.0,0.0,0,3.38,140
002350,18139,5.13,0.35,1231,2.06,130
002355,0,0.0,0.0,0,4.2,135
092790,17880,10.72,0.8,1334,1.75,250
251270,66102,193.29,0.92,313,0.69,417
090350,19881,5.36,0.46,1718,3.8,350
090355,0,0.0,0.0,0,2.35,355
000320,44812,4.16,0.45,4836,2.74,550
000325,0,0.0,0.0,0,1.58,555
006280,109754,0.0,1.18,0,1.16,1500
005250,21895,31.0,0.75,529,3.05,500
005257,0,0.0,0.0,0,1.22,500
004370,462077,14.5,0.85,27202,1.27,5000
072710,262523,5.17,0.32,16118,3.0,2500
058730,7969,0.0,0.39,0,0.0,0
030210,8710,0.0,0.41,0,4.18,150
023590,66912,3.99,0.49,8246,4.26,1400
145210,1374,0.0,0.62,0,0.0,0
483650,8902,119.38,19.38,1445,0.18,305
019680,3826,47.9,0.63,50,0.0,0
019685,0,0.0,0.0,0,3.39,45
006370,19938,0.0,0.35,0,0.0,0
008060,17629,12.42,0.45,644,6.25,500
00806K,0,0.0,0.0,0,5.96,505
353200,16996,36.75,1.0,461,2.36,400
35320K,0,0.0,0.0,0,4.99,405
000490,17911,0.0,0.6,0,0.93,100
008110,32490,4.39,0.46,3427,0.0,0
005750,9258,12.84,0.45,322,3.63,150
006570,3866,0.0,0.7,0,0.0,0
001680,39464,8.44,0.57,2642,3.81,850
001685,0,0.0,0.0,0,5.09,860
084690,20676,19.82,0.53,548,2.49,270
084695,0,0.0,0.0,0,1.76,280
128820,16035,24.1,0.26,172,0.0,0
117580,12094,14.27,0.75,635,2.76,250
016710,27366,5.03,0.37,1997,2.49,250
003540,45901,12.23,0.52,1962,5.0,1200
003547,0,0.0,0.0,0,6.62,1200
003545,0,0.0,0.0,0,6.32,1250
009190,1640,0.0,1.05,0,0.0,0
014160,1841,0.0,0.64,0,0.0,0
047040,10444,7.46,0.41,570,0.0,0
003090,24370,17.09,0.99,1416,0.83,200
069620,69061,73.53,2.29,2150,0.38,600
000430,8359,9.91,0.45,381,2.91,110
006340,1467,34.49,2.09,89,0.0,0
006345,0,0.0,0.0,0,0.0,0
003220,12844,20.07,1.04,668,2.24,300
024890,1027,0.0,0.89,0,0.0,0
002880,946,10.25,1.2,111,0.0,0
012800,3670,24.21,0.38,58,0.0,0
015230,11880,4.44,0.49,1317,2.74,160
001070,36634,22.07,0.19,309,0.0,0
006650,292683,0.0,0.29,0,1.18,1000
001440,7931,40.42,2.08,409,0.0,0
084010,45587,7.49,0.35,2154,3.1,500
001790,5928,13.19,0.49,221,4.12,120
001795,0,0.0,0.0,0,5.04,125
001130,628059,5.12,0.24,29257,2.34,3500
003490,28356,6.04,0.76,3566,3.48,750
003495,0,0.0,0.0,0,3.44,800
005880,6289,3.29,0.27,508,0.0,0
003830,638754,0.0,0.23,0,0.51,750
016090,6106,5.33,0.31,359,4.7,90
069460,1398,92.95,1.4,21,0.0,0
475560,18254,11.26,1.6,2593,1.03,300
192080,57067,5.76,0.95,9441,2.21,1200
012510,18502,32.63,3.83,2170,0.67,477
004830,6042,13.81,1.02,446,1.62,100
004835,0,0.0,0.0,0,1.26,105
145720,64317,7.71,1.01,8431,0.92,600
002150,7679,0.0,0.89,0,4.09,280
460850,34015,2.98,0.19,2137,7.86,500
460860,34346,13.73,0.28,703,6.22,600
001230,52411,22.14,0.16,378,5.97,500
023450,15520,17.74,2.21,1933,2.62,900
004140,3280,6.26,0.82,429,0.74,20
007590,13342,7.95,0.47,787,4.79,300
005960,19630,0.0,0.28,0,3.66,200
005965,0,0.0,0.0,0,1.21,250
026960,17172,16.97,1.58,1594,3.29,890
002210,2413,0.0,1.15,0,0.0,0
102260,9035,4.75,0.48,916,1.15,50
000640,163120,13.21,0.73,9017,1.43,1700
170900,74613,0.0,0.64,0,1.46,700
028100,17334,19.89,0.98,850,2.96,500
001520,3699,0.0,0.17,0,0.0,0
001527,0,0.0,0.0,0,0.0,0
084670,19475,0.0,0.42,0,0.0,0
082640,12611,3.47,0.55,2015,0.0,0
001525,0,0.0,0.0,0,0.0,0
008970,688,0.0,2.03,0,0.0,0
049770,56123,6.44,0.76,6625,1.88,800
018500,2279,3.36,0.58,391,3.81,50
006040,70584,26.13,0.7,1900,2.22,1100
030720,10484,5.51,0.58,1098,0.0,0
014820,28545,12.65,1.1,2475,1.92,600
014825,0,0.0,0.0,0,3.61,650
111380,25210,5.25,0.6,2883,4.09,620
163560,16290,9.63,0.46,783,1.99,150
004890,195176,6.83,0.24,6724,2.72,1250
002690,8099,0.0,0.2,0,0.0,0
000020,13470,34.08,0.51,201,2.63,180
000150,83153,0.0,7.28,0,0.33,2000
000157,0,0.0,0.0,0,0.43,2000
454910,6210,0.0,8.45,0,0.0,0
241560,69807,9.24,0.75,5647,3.07,1600
034020,11705,345.98,5.14,174,0.0,0
000155,0,0.0,0.0,0,0.51,2050
336260,6097,0.0,3.85,0,0.0,0
33626K,0,0.0,0.0,0,0.0,0
33626L,0,0.0,0.0,0,0.0,0
016740,7791,6.34,0.43,530,3.57,120
192650,6026,108.95,1.03,57,3.22,200
024090,29705,6.32,0.46,2141,5.91,800
003160,5902,387.62,2.76,42,0.61,100
092200,3852,12.85,1.23,370,0.0,0
013570,15566,5.17,0.3,892,2.6,120
024900,3273,5.16,0.82,520,1.86,50
210540,26589,6.54,0.49,1987,2.69,350
032350,4156,0.0,4.11,0,0.0,0
089860,40683,11.71,0.84,2924,3.5,1200
000400,2569,25.46,0.67,68,0.0,0
023530,548412,0.0,0.14,0,5.07,3800
020150,28922,169.34,0.8,137,0.0,0
280360,241452,12.23,0.48,9571,2.82,3300
286940,27718,30.86,0.95,849,2.67,700
004000,92999,26.65,0.41,1428,3.68,1400
004990,87305,0.0,0.32,0,4.33,1200
00499K,0,0.0,0.0,0,3.53,1250
005300,149082,20.33,0.8,5878,2.85,3400
005305,0,0.0,0.0,0,4.6,3405
011170,340367,0.0,0.18,0,3.22,2000
071840,40094,0.0,0.2,0,3.76,300
027740,651,0.0,1.39,0,0.0,0
001080,60830,0.0,0.45,0,0.0,0
138040,56153,8.68,1.89,12259,1.27,1350
090370,3138,178.63,0.46,8,0.0,0
118000,702,5.48,0.48,62,0.0,0
017180,2897,0.0,0.58,0,0.0,0
009900,13293,3.45,0.64,2460,1.77,150
012690,2207,81.47,1.26,34,0.0,0
005360,4845,0.0,0.44,0,1.42,30
070960,8243,30.9,0.63,167,0.0,0
009680,21647,6.88,0.48,1496,5.83,600
009580,10215,7.78,0.28,361,3.56,100
009200,10852,2.21,0.2,978,4.63,100
033920,21582,4.38,0.37,1828,6.5,520
008420,10009,6.73,0.23,346,2.15,50
025560,1821,3.29,0.37,202,0.0,0
007120,1866,0.0,0.55,0,0.0,0
085620,19648,5.74,0.3,1043,0.0,0
006800,20662,12.64,0.95,1545,1.28,250
00680K,0,0.0,0.0,0,3.13,250
006805,0,0.0,0.0,0,3.23,275
081660,33628,23.89,1.01,1417,3.55,1200
002840,86039,15.94,2.0,10790,1.16,2000
268280,83441,13.02,1.74,11164,1.72,2500
107590,112416,6.94,0.67,10906,0.92,700
134380,80809,5.91,0.98,13446,5.03,4000
003650,272644,3.17,0.4,34783,2.72,3000
377740,16138,9.54,0.32,542,3.87,200
003610,5470,192.95,0.78,22,1.41,60
035150,11645,5.29,1.26,2771,2.39,350
002410,682,0.0,2.84,0,0.0,0
007210,4992,7.9,0.46,290,1.62,37
002760,779,0.0,1.38,0,0.47,5
003850,9343,8.17,0.89,1020,1.2,100
000890,626,10.35,0.81,49,0.0,0
003000,3254,0.0,1.14,0,0.0,0
001270,86512,12.13,0.48,3459,3.58,1500
001275,0,0.0,0.0,0,5.83,1550
026940,6584,19.57,0.35,117,3.28,75
011390,123683,0.0,0.85,0,0.24,250
005030,270,0.0,1.8,0,0.0,0
002070,2922,0.0,0.27,0,0.0,0
100220,14504,0.0,0.48,0,0.0,0
090460,23083,6.06,0.56,2133,1.93,250
005180,81640,7.19,1.03,11675,3.93,3300
003960,83132,3.67,0.51,11494,0.71,300
008040,1921,6.84,0.61,172,1.7,20
007160,110014,64.94,0.55,927,0.0,0
014710,13801,11.37,0.57,686,0.0,0
006090,24379,7.02,0.39,1342,1.59,150
062040,14292,26.15,5.74,3136,0.51,420
001470,49,0.0,7.08,0,0.0,0
028050,21591,5.8,1.04,3862,2.95,660
006400,289386,20.1,0.61,8773,0.57,1000
006405,0,0.0,0.0,0,1.02,1050
006660,35620,7.95,0.41,1838,0.55,80
028260,189865,11.88,0.85,13629,1.61,2600
02826K,0,0.0,0.0,0,2.14,2650
207940,153212,66.75,6.63,15221,0.0,0
032830,171141,10.84,0.74,11732,3.54,4500
018260,120661,17.57,1.43,9787,1.69,2900
009150,116340,14.83,1.15,8988,1.35,1800
009155,0,0.0,0.0,0,3.02,1850
005930,57951,12.02,1.03,4950,2.43,1446
005935,0,0.0,0.0,0,2.97,1447
001360,1125,0.0,1.62,0,0.0,0
010140,4443,224.93,3.8,75,0.0,0
016360,82018,6.72,0.83,10068,5.17,3500
068290,17639,16.12,0.99,1085,1.14,200
029780,79525,7.76,0.61,6228,5.8,2800
000810,366202,8.78,1.17,48779,4.43,19000
000815,0,0.0,0.0,0,5.93,19005
006110,16559,0.0,1.1,0,0.14,25
145990,172467,4.22,0.3,12101,3.42,1750
145995,0,0.0,0.0,0,4.97,1800
003230,109524,35.84,11.93,36468,0.25,3300
002170,163107,13.55,0.34,4036,2.74,1500
272550,24759,10.3,0.54,1310,3.71,500
000070,272260,23.88,0.32,3651,4.01,3500
000075,0,0.0,0.0,0,4.1,3550
003720,2228,17.2,1.88,243,0.48,20
002810,31691,4.87,0.49,3219,4.47,700
005680,27850,20.7,0.42,559,2.59,300
023000,6304,7.73,0.41,333,4.27,110
004380,9605,134.59,1.04,74,1.0,100
002450,3592,32.24,0.37,41,3.78,50
004440,20976,0.0,0.24,0,0.0,0
000520,8296,0.0,1.22,0,0.0,0
009770,103335,1.96,0.29,15182,3.36,1000
005500,21346,6.19,0.9,3111,4.16,800
004690,461293,4.5,0.29,29606,2.25,3000
010960,10045,15.19,0.36,235,4.2,150
004450,61866,7.91,0.57,4443,3.41,1200
009470,13239,9.93,2.22,2967,1.7,500
011230,938,0.0,5.63,0,0.0,0
001820,25847,12.51,1.03,2127,1.88,500
000390,13171,9.34,0.46,654,5.73,350
001290,1704,0.0,0.42,0,0.0,0
041650,11620,3.48,0.25,840,3.42,100
075180,12753,6.55,0.26,505,4.23,140
007540,101679,8.73,0.46,5325,0.43,200
248170,53866,12.3,0.5,2203,0.74,200
007860,37694,1.62,0.27,6172,2.0,200
200880,40698,2.27,0.3,5451,2.02,250
017390,278337,6.77,0.21,8702,4.24,2500
031210,74048,13.5,0.56,3052,6.95,2865
004410,61,0.0,2.66,0,0.0,0
004415,0,0.0,0.0,0,0.0,0
021050,3209,1.27,0.41,1043,0.0,0
008490,40892,12.5,0.5,1644,0.97,200
007610,1792,5.26,1.67,570,0.0,0
136490,18895,50.65,0.62,230,0.86,100
014910,1917,9.5,0.63,127,0.0,0
014915,0,0.0,0.0,0,0.0,0
004980,22908,4.99,0.4,1818,3.86,350
004985,0,0.0,0.0,0,3.29,400
011300,296,0.0,1.59,0,0.0,0
000180,8292,0.0,0.2,0,0.0,0
002420,4375,0.0,1.26,0,0.0,0
004360,52358,3.66,0.28,3950,2.07,300
004365,0,0.0,0.0,0,3.12,305
004490,111559,5.36,0.62,12887,1.59,1100
001430,54089,45.57,0.48,564,4.67,1200
306200,397327,3.03,0.37,48949,4.71,7000
003030,495174,19.77,0.42,10599,0.86,1800
019440,39624,10.88,0.36,1314,7.0,1000
058650,564206,12.42,0.19,8537,3.77,4000
013000,1805,9.93,0.67,121,2.5,30
091090,2089,0.0,0.61,0,0.0,0
021820,58958,2.12,0.2,5535,1.28,150
067830,12843,7.9,0.21,335,1.13,30
075580,3303,60.4,3.66,200,1.66,200
068270,78248,86.09,2.07,1884,0.46,750
336370,8495,168.04,1.01,51,0.12,10
33637K,0,0.0,0.0,0,0.66,11
33637L,0,0.0,0.0,0,0.23,10
248070,9044,19.58,1.76,812,0.0,0
004430,31505,6.62,0.39,1879,2.41,300
017550,2985,12.32,0.61,148,0.55,10
126720,36665,9.97,0.76,2779,2.89,800
053210,11633,0.0,0.42,0,7.11,350
026890,6887,43.01,1.6,256,2.27,250
134790,39021,62.94,0.87,541,1.47,500
462870,13104,18.73,3.91,2734,0.0,0
016590,19591,12.5,0.72,1126,1.42,200
029530,123427,5.67,0.39,8489,3.12,1500
004970,38186,4.01,0.26,2509,4.97,500
011930,1170,0.0,1.3,0,0.0,0
005390,3372,7.93,1.21,513,0.0,0
004170,486461,15.91,0.39,11776,2.4,4500
035510,31082,8.41,0.7,2575,1.99,430
031430,24300,14.63,0.56,929,2.94,400
031440,75793,13.83,0.53,2892,2.25,900
006880,9794,16.15,0.83,504,1.47,120
005800,40958,29.49,0.31,434,1.17,150
001720,207062,6.66,0.57,17818,3.79,4500
009270,3054,21.05,0.58,84,3.96,70
002700,1170,74.1,1.27,20,0.67,10
002870,2588,100.36,0.43,11,0.0,0
019170,5010,0.0,3.05,0,0.0,0
019175,0,0.0,0.0,0,0.0,0
055550,112364,7.03,0.53,8441,3.64,2160
004080,12242,26.35,1.19,554,1.99,290
102280,3877,0.0,0.69,0,0.0,0
004770,2308,14.46,0.75,120,1.73,30
403550,5587,0.0,2.4,0,0.0,0
004920,1094,0.0,1.18,0,0.0,0
112610,27720,14.01,1.74,3434,2.08,1000
480370,9659,5.68,1.41,2396,0.0,0
308170,8310,0.0,0.74,0,0.0,0
008700,1699,12.12,0.88,123,0.0,0
090430,76149,16.92,1.91,8601,0.77,1125
090435,0,0.0,0.0,0,2.37,1130
002790,37167,11.47,0.86,2782,1.03,330
00279K,0,0.0,0.0,0,2.88,667
002795,0,0.0,0.0,0,2.62,335
002030,689472,8.15,0.44,37523,1.74,5330
183190,29491,5.51,0.41,2187,2.16,260
002310,21027,13.92,0.39,587,2.69,220
012170,1880,0.0,1.97,0,0.0,0
267850,15201,11.86,0.83,1060,3.98,500
020560,4349,0.0,2.24,0,0.0,0
122900,11438,9.67,0.72,857,7.24,600
010780,45642,0.0,0.48,0,4.58,1000
031820,1479,4.64,0.48,154,0.0,0
139990,4469,0.0,0.94,0,0.0,0
009320,586,53.37,1.73,19,0.0,0
001780,3219,12.58,0.73,188,0.0,0
018250,15580,10.19,1.1,1689,3.37,580
161000,15259,127.8,0.69,82,2.68,281
011090,718,9.95,0.9,65,0.0,0
137310,24236,0.0,0.46,0,1.79,200
005850,49934,4.02,0.64,7998,3.73,1200
010580,606,170.0,2.81,10,0.0,0
012750,49117,12.93,1.38,5227,3.99,2700
023960,1308,11.7,1.0,112,0.0,0
298690,1193,0.0,1.76,0,0.0,0
078520,3509,14.04,2.24,559,5.24,411
015260,573,0.0,0.77,0,0.0,0
007460,560,0.0,1.21,0,0.0,0
003060,1916,0.0,0.35,0,0.0,0
244920,6659,55.5,0.91,109,3.31,200
278470,8687,48.63,16.09,2875,0.0,0
450080,10577,0.0,4.17,0,0.0,0
019490,385,0.0,1.74,0,0.0,0
036570,157673,40.27,1.21,4728,0.77,1460
085310,2205,0.0,0.38,0,1.19,10
066970,21264,0.0,2.4,0,0.0,0
097520,22067,7.54,1.25,3661,2.9,800
484870,18067,46.39,8.63,3361,0.95,1480
014440,9377,3.85,0.48,1157,7.86,350
111770,86238,6.08,0.69,9846,2.34,1400
009970,233944,4.59,0.56,28777,4.05,5350
003520,491,324.29,4.62,7,0.0,0
000670,202088,0.0,0.21,0,0.01,5
006740,1973,0.0,0.55,0,0.0,0
012280,1461,5.04,0.59,170,3.5,30
012160,2729,0.0,0.19,0,0.0,0
007310,597176,9.93,0.67,40048,2.26,9000
002630,718,7.79,1.18,109,0.0,0
271560,87815,8.08,1.22,13271,2.33,2500
001800,39410,8.2,0.56,2670,3.65,800
005320,1550,0.0,0.32,0,0.0,0
011690,2973,17.64,1.07,180,0.0,0
316140,45919,5.41,0.46,3950,5.62,1200
006980,77989,2.31,0.23,7672,1.69,300
017370,8316,3.73,0.98,2186,0.61,50
105840,9602,17.03,1.22,687,2.14,250
010400,10813,0.0,0.26,0,0.0,0
049800,5346,16.71,0.38,120,2.49,50
016880,919,71.13,3.1,40,0.0,0
095720,2611,0.0,0.71,0,4.83,90
005820,60002,8.02,0.26,1961,2.54,400
010600,222,0.0,2.45,0,0.0,0
008600,1344,0.0,0.34,0,0.0,0
033270,27612,9.57,0.77,2209,2.13,450
014830,152473,7.98,0.6,11483,1.97,1800
446070,18967,7.02,0.23,618,1.84,80
000910,5326,0.0,0.91,0,2.58,125
047400,367,0.0,4.57,0,0.0,0
011330,1343,0.0,1.08,0,0.0,0
077500,10743,26.73,0.61,245,1.53,100
002920,11235,0.0,0.18,0,2.01,40
000700,13098,4.71,0.46,1288,5.77,350
003470,7953,10.19,0.44,340,5.77,200
003475,0,0.0,0.0,0,6.78,250
072130,4864,17.7,1.11,305,1.3,70
000220,6671,9.87,0.69,468,2.16,100
000225,0,0.0,0.0,0,2.37,120
000227,0,0.0,0.0,0,1.12,120
001200,11448,6.55,0.31,540,2.83,100
000100,28030,110.5,3.72,943,0.48,500
000105,0,0.0,0.0,0,0.52,510
003460,8432,9.4,0.32,291,5.85,160
003465,0,0.0,0.0,0,6.48,170
008730,11731,0.0,2.6,0,0.82,250
008250,19779,0.0,0.29,0,1.77,100
025820,4080,12.63,1.17,377,1.05,50
214320,25050,8.1,0.81,2506,5.79,1175
139480,387877,0.0,0.22,0,2.36,2000
457190,4063,113.97,10.04,358,0.0,0
007660,5037,40.78,9.22,1139,0.32,150
005950,4734,0.0,1.22,0,0.0,0
015020,963,0.0,0.76,0,0.0,0
093230,780,0.0,1.78,0,0.0,0
074610,134,0.0,3.81,0,0.0,0
102460,13627,49.78,0.83,226,0.0,0
084680,1652,0.0,0.93,0,0.0,0
000760,48504,0.0,0.27,0,0.0,0
014990,504,0.0,2.24,0,0.0,0
101140,16007,7.32,0.74,1615,0.0,0
006490,400,66.04,4.13,25,0.0,0
023800,14424,9.22,0.43,670,2.43,150
034590,54335,5.47,0.47,4675,4.89,1250
129260,10088,5.34,0.27,507,3.7,100
023810,12445,25.49,0.48,233,3.03,180
249420,5755,0.0,2.26,0,0.0,0
000230,11857,1.26,0.6,5582,0.0,0
013360,1231,0.0,1.51,0,0.0,0
003120,56507,12.02,0.41,1921,4.33,1000
003200,40881,8.43,0.27,1319,1.8,200
007110,762,142.5,3.37,18,0.0,0
007570,12893,24.49,1.06,557,1.1,150
007575,0,0.0,0.0,0,1.16,175
008500,5141,4.61,2.59,2888,0.0,0
081000,29059,14.82,0.46,908,2.23,300
020760,685,6.57,1.06,110,0.0,0
103590,10494,33.47,3.14,983,0.91,300
271940,8743,323.8,1.85,50,0.0,0
015860,10068,10.79,0.53,491,2.83,150
226320,21525,14.78,0.64,937,1.81,250
317400,11167,1198.33,0.32,3,4.17,150
033240,19361,18.85,0.77,790,0.0,0
000950,174360,4.71,0.21,7822,2.71,1000
079900,10397,22.8,4.91,2237,2.5,1277
194370,17356,3.15,0.67,3676,4.31,500
025620,6627,0.0,1.27,0,0.0,0
030000,14396,9.91,1.41,2049,6.06,1230
271980,12912,0.0,1.14,0,0.0,0
001560,14772,11.01,0.66,881,3.3,320
002620,19995,0.0,0.44,0,0.57,50
006220,18367,61.14,0.55,166,0.99,100
089590,4022,29.11,1.79,247,0.0,0
004910,18535,3.55,0.3,1567,3.6,200
004700,152942,17.16,0.4,3548,0.0,0
001550,10146,120.33,1.46,123,0.0,0
462520,18725,29.35,0.77,492,6.93,1000
120030,165471,6.09,0.61,16590,0.49,500
018470,1576,17.84,0.98,87,0.0,0
002600,245918,36.94,0.63,4191,3.88,6000
185750,67953,10.48,1.21,7866,1.33,1100
063160,23881,14.63,0.97,1586,0.43,100
001630,123410,7.57,0.43,7057,2.62,1400
109070,508,10.23,1.75,87,0.0,0
044380,577,0.0,0.64,0,0.0,0
013890,30684,0.0,0.56,0,0.52,90
013870,14354,4.99,0.28,806,6.21,250
071320,195798,4.48,0.39,16850,5.14,3879
088790,8661,27.32,0.23,73,1.5,30
003780,4951,7.55,1.18,773,4.81,281
010640,3273,12.74,1.23,316,6.21,250
100250,6611,11.96,0.5,276,6.06,200
051630,1829,0.0,1.12,0,0.0,0
272450,4487,4.95,2.05,1857,0.0,0
011000,1072,0.0,2.53,0,0.0,0
002780,1830,51.53,0.42,15,0.0,0
002787,0,0.0,0.0,0,0.0,0
002785,0,0.0,0.0,0,0.0,0
009310,3665,0.0,0.4,0,0.0,0
000650,9871,0.0,4.16,0,0.0,0
033250,1208,6.1,0.96,190,0.0,0
035720,23100,528.57,2.88,126,0.1,68
323410,13727,34.69,2.33,924,1.12,360
377300,13824,0.0,5.76,0,0.0,0
006380,522,12.75,7.01,287,0.0,0
001620,1991,2.14,0.25,229,0.0,0
029460,68150,6.14,0.35,3902,1.34,320
281820,24431,10.1,1.08,2615,1.02,270
381970,4686,16.56,3.22,912,7.62,1150
007815,0,0.0,0.0,0,0.0,0
007810,13848,0.0,0.82,0,0.0,0
00781K,0,0.0,0.0,0,0.0,0
003690,19539,6.42,0.51,1556,5.16,515
192820,41725,36.96,6.7,7562,0.82,2300
044820,26341,10.96,0.72,1722,2.38,450
005070,15248,62.25,2.22,543,0.0,0
005420,5971,0.0,2.43,0,0.0,0
071950,603,0.0,15.59,0,0.0,0
002020,120681,3.18,0.33,12424,1.39,550
138490,8527,6.46,0.79,1039,2.98,200
003070,30776,7.75,0.31,1228,4.2,400
003075,0,0.0,0.0,0,2.75,450
450140,3972,0.0,0.63,0,2.82,70
45014K,0,0.0,0.0,0,1.68,75
002025,0,0.0,0.0,0,2.73,600
120110,120405,13.02,0.28,2616,3.82,1300
120115,0,0.0,0.0,0,6.03,1350
021240,44478,12.47,2.2,7841,2.69,2630
036420,5658,0.0,2.32,0,0.0,0
024720,17538,23.63,0.95,708,1.2,200
192400,38498,6.87,0.79,4418,3.95,1200
284740,42011,4.96,0.65,5460,3.69,1000
264900,16823,6.75,0.53,1312,3.16,280
26490K,0,0.0,0.0,0,2.71,282
005740,22316,4.81,0.34,1594,1.69,130
005745,0,0.0,0.0,0,1.47,135
259960,150187,12.52,2.38,28593,0.0,0
020120,5383,0.0,0.73,0,0.0,0
039490,210068,6.83,1.02,31269,3.51,7500
014580,7802,4.89,0.62,991,3.1,150
015890,10720,5.46,0.5,974,4.7,250
006890,14451,10.03,0.77,1113,1.61,180
003240,4668610,4.33,0.24,254899,0.16,1750
011280,4511,0.0,0.49,0,0.0,0
004100,2757,40.23,0.96,66,0.38,10
004105,0,0.0,0.0,0,0.4,15
009410,1780,15.33,1.69,196,0.0,0
009415,0,0.0,0.0,0,0.0,0
001420,6174,1.7,0.66,2382,4.94,200
055490,32417,18.4,0.43,751,1.45,200
078000,21184,14.38,0.64,942,4.72,640
214420,4603,18.55,2.76,685,0.94,120
019180,8221,1.65,0.36,1769,2.05,60
363280,25637,0.0,0.12,0,0.0,0
36328K,0,0.0,0.0,0,0.0,0
091810,382,0.0,5.25,0,0.0,0
004870,1325,0.0,0.48,0,0.0,0
034230,18941,16.62,0.77,875,1.03,150
005690,1441,102.08,7.51,106,0.18,20
036580,4177,0.0,0.66,0,1.82,50
004720,13736,28.34,0.32,154,0.0,0
028670,10576,7.79,0.37,502,3.07,120
010820,1310,18.8,3.23,225,0.0,0
016800,64143,8.25,0.69,5333,2.73,1200
001020,1595,0.0,0.45,0,0.0,0
090080,839,15.91,1.33,70,0.0,0
010770,6627,46.39,0.76,108,2.99,150
022100,3446,41.55,6.99,580,0.52,125
058430,63854,6.85,0.61,5719,5.51,2160
047050,38397,16.26,1.28,3019,3.16,1550
003670,37181,0.0,3.47,0,0.0,0
017810,8237,19.48,1.51,637,0.82,102
103140,80518,14.64,1.57,8642,2.06,2600
005810,78924,6.26,0.56,7117,3.14,1400
009810,484,0.0,0.73,0,0.0,0
086790,151798,6.33,0.53,12629,4.5,3600
293480,17872,10.07,0.69,1228,4.12,510
039130,11290,10.53,4.91,5259,4.15,2300
352820,77427,1364.44,3.97,225,0.07,200
071090,7334,0.0,0.54,0,0.25,10
000080,16148,14.77,1.26,1378,3.44,700
000087,0,0.0,0.0,0,4.73,750
000140,25790,5.04,0.41,2106,3.3,350
000145,0,0.0,0.0,0,2.99,400
036460,124079,2.9,0.31,13174,3.81,1455
005430,121065,4.01,0.44,13278,1.88,1000
071050,165262,7.41,0.8,17799,3.02,3980
071055,0,0.0,0.0,0,4.57,4042
010040,5124,15.52,0.47,155,4.16,100
025540,104324,4.74,0.63,13787,3.36,2200
010100,12661,3.06,0.36,1469,2.22,100
004090,15707,15.31,1.02,1049,0.75,120
002200,7966,33.08,0.38,91,2.66,80
002960,97904,16.03,4.62,28196,5.97,27000
000240,47012,5.11,0.4,3703,5.29,1000
123890,8546,8.32,0.3,306,3.93,100
015760,62177,5.35,0.47,5439,0.73,213
006200,3345,6.79,0.23,112,2.63,20
027970,2323,37.0,0.35,22,0.0,0
023350,15058,9.23,0.37,599,1.81,100
025890,3063,27.26,0.61,68,0.0,0
000970,16394,11.42,0.44,634,5.52,400
104700,24475,14.1,0.38,659,8.61,800
017960,9636,60.65,2.6,413,0.52,130
161890,33579,23.58,2.69,3830,0.8,720
161390,90995,4.3,0.43,9137,5.09,2000
034830,4442,0.0,0.28,0,5.7,70
007280,3664,0.0,0.43,0,0.0,0
047810,17500,53.77,5.42,1765,0.53,500
123690,1886,33.08,5.02,286,0.0,0
003350,20473,9.24,2.88,6382,0.34,200
011500,10781,51.46,1.4,294,0.4,60
002390,20871,0.0,0.55,0,1.73,200
053690,20263,11.07,1.08,1970,1.83,400
042700,5698,58.53,16.32,1589,0.77,720
008930,12419,49.2,3.48,878,0.69,300
128940,85558,31.57,3.53,9567,0.41,1250
009240,21124,4.96,2.15,9171,18.77,8530
020000,65470,8.29,0.26,2077,4.36,750
003680,12006,10.3,0.43,503,0.0,0
105630,18020,7.29,0.6,1474,4.66,500
069640,1494,0.0,0.81,0,0.0,0
016450,12908,37.5,0.34,116,5.75,250
010420,2155,15.85,0.87,118,1.34,25
009180,4615,7.53,0.51,310,6.42,150
213500,28891,0.0,0.3,0,5.75,500
014680,88053,14.84,1.85,10980,1.29,2100
004710,11704,25.93,0.47,214,2.7,150
004150,13865,64.49,0.23,49,3.8,120
025750,1536,0.0,0.48,0,0.0,0
004960,66856,14.72,0.13,593,1.15,100
011700,2764,0.0,1.67,0,0.32,15
001750,38947,5.84,0.45,3011,5.4,950
001755,0,0.0,0.0,0,5.82,1000
018880,4205,0.0,0.75,0,0.0,0
009420,3316,0.0,7.75,0,0.0,0
014130,8308,2.45,0.42,1419,2.88,100
300720,24826,6.74,0.72,2657,5.58,1000
002220,6761,0.0,0.4,0,0.37,10
006390,22323,5.52,0.77,3107,5.25,900
003300,52885,4.68,0.34,3852,5.16,930
051600,29520,15.06,1.95,3832,4.28,2469
052690,15179,72.37,7.33,1538,0.9,999
130660,3552,40.65,4.07,356,2.54,367
002320,96238,0.0,0.21,0,3.0,600
003480,14905,2.4,0.35,2167,2.31,120
180640,47735,17.59,2.74,7434,0.28,360
18064K,0,0.0,0.0,0,0.98,385
005110,0,0.0,0.0,0,0.0,0
009460,1582,16.82,0.47,44,0.0,0
372910,4866,12.61,0.69,266,0.0,0
000880,120412,11.2,0.78,8339,0.86,800
00088K,0,0.0,0.0,0,2.14,850
452260,4080,0.0,0.32,0,0.0,0
45226K,0,0.0,0.0,0,0.0,0
489790,16334,236.43,3.04,210,0.0,0
088350,15697,3.47,0.21,936,0.0,0
000370,18660,2.65,0.3,2121,0.0,0
009830,54974,0.0,0.58,0,0.93,300
009835,0,0.0,0.0,0,1.34,350
272210,13316,27.04,4.92,2422,0.53,350
012450,108184,20.39,8.67,46002,0.37,3500
082740,4714,30.73,6.31,968,0.0,0
042660,15857,53.76,5.59,1648,0.0,0
000885,0,0.0,0.0,0,1.24,850
003530,7824,38.7,0.88,177,0.0,0
003535,0,0.0,0.0,0,0.0,0
195870,32722,7.5,0.79,3453,3.09,800
101530,10963,5.81,0.63,1197,3.6,250
143210,7762,0.0,0.22,0,0.0,0
000720,71394,0.0,1.05,0,0.8,600
000725,0,0.0,0.0,0,0.97,650
453340,20095,8.11,0.88,2190,1.89,335
086280,116975,9.37,1.17,14585,2.71,3700
064350,18737,56.87,11.31,3728,0.09,200
079430,20470,10.41,0.38,755,1.65,130
012330,509212,6.49,0.57,44939,2.06,6000
069960,201113,0.0,0.38,0,1.84,1400
004560,33980,7.37,0.36,1644,0.83,100
004310,3026,0.0,1.17,0,0.85,30
017800,34751,16.79,2.45,5074,6.46,5500
307950,62189,27.09,2.71,6228,1.06,1780
011210,135016,10.44,0.35,4520,2.33,1100
004020,143815,0.0,0.2,0,2.59,750
005440,21615,1.94,0.4,4483,2.41,210
005380,413568,4.41,0.51,47615,5.71,12000
005387,0,0.0,0.0,0,7.48,12100
005389,0,0.0,0.0,0,7.56,12050
005385,0,0.0,0.0,0,7.51,12050
001500,30047,8.02,0.25,936,2.4,180
011760,54282,2.66,0.49,10080,2.61,700
227840,33621,2.62,0.38,4836,3.95,500
126560,6684,52.62,0.5,63,3.32,110
001450,60491,2.37,0.42,10847,0.0,0
057050,191166,3.94,0.28,13772,5.17,2800
093240,2449,14.47,1.22,207,0.0,0
003010,11189,8.11,0.49,677,3.28,180
111110,19955,3.5,0.45,2560,4.46,400
008770,33928,0.0,1.52,0,0.0,0
008775,0,0.0,0.0,0,0.0,0
378850,7924,1.92,0.41,1707,2.29,75
241590,8652,14.03,0.89,546,0.59,45
006060,7147,5.94,0.66,790,4.26,200
013520,4776,3.34,0.42,601,3.74,75
010690,14891,5.62,0.58,1542,1.73,150
133820,1072,0.0,0.77,0,0.0,0
010660,6319,18.85,0.8,269,0.79,40
000850,153304,8.27,0.21,3934,3.23,1050
016580,24628,7.82,0.49,1531,2.5,300
032560,21796,6.34,0.28,962,2.46,150
004800,128947,2.72,0.52,24712,4.47,3000
094280,5929,15.3,2.55,989,4.96,750
298040,204958,34.59,4.03,23909,0.6,5000
298020,338062,8.1,0.75,31175,3.96,10000
298000,0,0.0,0.0,0,0.0,0
093370,3044,0.0,1.66,0,0.0,0
005870,13123,11.83,0.74,821,0.0,0
079980,7140,0.0,0.43,0,0.0,0
005010,19927,12.02,0.24,397,3.14,150
000540,11857,2.88,0.35,1459,0.0,0
000545,0,0.0,0.0,0,0.0,0
003280,950,11.7,2.03,165,0.0,0
060310,998,46.57,2.52,54,0.0,0
054620,11326,0.0,0.48,0,0.0,0
265520,22405,5.0,0.77,3448,3.07,530
211270,7393,18.21,1.81,733,0.0,0
109960,1503,0.0,0.23,0,0.0,0
139050,2348,0.0,1.19,0,0.0,0
126600,6475,11.81,0.47,259,1.63,50
083790,1072,0.0,1.8,0,0.0,0
035760,134764,0.0,0.59,0,0.0,0
311690,5951,0.0,1.56,0,0.0,0
051500,34990,13.14,0.82,2184,1.57,450
058820,1365,108.42,1.51,19,0.0,0
023460,0,0.0,0.0,0,0.0,0
056730,1021,0.0,0.81,0,0.0,0
065770,957,19.04,1.11,56,0.0,0
083660,267,0.0,6.89,0,0.0,0
477760,0,0.0,0.0,0,0.0,0
099520,578,47.56,2.22,27,0.0,0
060900,1621,0.0,0.71,0,0.0,0
290120,5558,18.71,0.49,147,2.91,80
025440,1880,0.0,0.43,0,0.0,0
068790,14570,7.47,0.43,847,1.58,100
241520,4308,19.63,1.85,405,0.5,40
180400,284,0.0,7.04,0,0.0,0
418620,714,0.0,5.57,0,0.0,0
245620,25,0.0,16.6,0,0.0,0
037370,6681,0.0,0.91,0,0.0,0
050120,6413,42.57,0.45,68,0.0,0
214270,1800,0.0,1.15,0,0.0,0
130500,5920,7.7,0.46,355,0.0,0
083450,14527,7.78,1.33,2479,1.56,300
297890,3021,0.0,0.81,0,1.22,30
440290,3222,9.82,0.69,226,9.01,200
078150,2889,0.0,0.68,0,1.01,20
195940,44172,19.69,0.97,2174,0.82,350
028300,4397,0.0,12.17,0,0.0,0
278650,1329,0.0,1.21,0,0.0,0
067630,3270,106.48,1.76,54,0.0,0
024850,1701,0.0,1.17,0,0.0,0
187420,816,0.0,4.09,0,0.0,0
047920,3659,297.34,5.2,64,0.0,0
115450,1881,0.0,5.02,0,0.0,0
046210,1789,0.0,1.2,0,0.0,0
196300,896,0.0,10.27,0,0.0,0
403870,3458,26.66,8.14,1056,2.13,600
036640,7674,5.95,0.73,945,7.12,400
442770,0,0.0,0.0,0,0.0,0
448760,0,0.0,0.0,0,0.0,0
467930,0,0.0,0.0,0,0.0,0
469480,0,0.0,0.0,0,0.0,0
095340,25547,19.99,2.09,2671,1.52,810
067290,506,17.96,3.37,95,0.0,0
035900,14445,25.75,5.26,2951,0.7,534
318000,5163,10.59,0.89,433,1.64,75
024840,3559,86.09,0.56,23,0.0,0
024120,10346,13.63,0.34,256,5.73,200
455250,0,0.0,0.0,0,0.0,0
464680,0,0.0,0.0,0,0.0,0
476470,0,0.0,0.0,0,0.0,0
478390,0,0.0,0.0,0,0.0,0
486630,0,0.0,0.0,0,0.0,0
492220,0,0.0,0.0,0,0.0,0
021320,25498,6.48,0.2,800,3.09,160
044180,1477,3.73,0.43,169,0.0,0
046440,9371,22.06,0.62,262,3.81,220
151860,32529,3.33,0.19,1876,1.92,120
035600,18056,7.55,0.65,1549,4.28,500
226360,4709,0.0,0.54,0,0.0,0
111870,15478,0.0,0.58,0,0.0,0
060720,11959,11.16,0.9,960,3.08,330
058400,1659,12.74,0.47,61,2.57,20
101000,1174,0.0,2.1,0,0.0,0
089600,17644,0.0,0.92,0,4.3,700
418470,8287,12.47,2.04,1358,0.0,0
043610,2843,0.0,0.79,0,0.0,0
122450,8213,2.2,0.53,1986,4.34,190
052900,2324,5.62,0.43,179,0.0,0
036560,30627,9.87,0.39,1219,6.65,800
061970,5253,0.0,0.71,0,0.0,0
309960,5176,14.8,1.07,373,3.62,200
225190,549,0.0,4.43,0,2.88,70
060370,6646,62.99,4.63,489,0.52,160
417200,2728,135.0,4.16,84,0.0,0
078020,14067,18.36,0.35,265,2.06,100
322180,1771,0.0,3.04,0,0.0,0
476080,6426,35.7,2.29,412,0.0,0
086960,1376,18.55,1.04,77,0.0,0
160550,3109,0.0,0.78,0,0.0,0
053290,4858,0.0,0.57,0,0.0,0
060250,6717,10.13,1.76,1169,0.84,100
104200,4186,0.0,0.76,0,0.0,0
063570,5920,60.8,0.83,81,2.54,125
222160,2081,0.0,3.86,0,0.0,0
024940,5243,28.2,0.91,169,0.63,30
332570,2089,0.0,1.68,0,0.0,0
218410,12153,23.12,1.89,995,0.43,100
327260,5018,0.0,1.19,0,0.0,0
474610,3389,0.0,1.41,0,0.0,0
091340,8575,3.44,0.33,828,0.0,0
419530,3652,0.0,24.48,0,0.0,0
019550,853,12.21,1.02,71,0.0,0
246960,2128,0.0,5.18,0,0.0,0
099220,1170,0.0,1.2,0,0.0,0
036540,3030,24.77,1.06,130,0.0,0
255220,1038,0.0,2.21,0,0.0,0
040610,11277,3.89,0.17,480,0.0,0
049470,620,0.0,0.68,0,0.0,0
184230,654,0.0,0.95,0,0.0,0
016250,83334,0.0,0.2,0,2.98,500
357880,305,0.0,7.43,0,0.0,0
048550,861,0.0,1.75,0,0.0,0
063440,1343,15.2,1.2,106,0.0,0
067160,35552,9.82,2.62,9489,1.61,1500
289080,1402,21.45,1.22,80,1.17,20
013720,1275,0.0,1.06,0,0.0,0
089230,1375,0.0,0.68,0,0.0,0
032540,6123,17.09,0.93,333,5.62,320
048770,2626,0.0,0.73,0,0.52,10
246690,1964,0.0,0.9,0,0.57,10
317240,231,0.0,0.99,0,0.0,0
057030,3242,18.83,1.14,196,2.71,100
040300,5300,0.0,0.57,0,0.0,0
051390,10063,7.4,0.38,521,5.19,200
052220,2657,44.35,1.42,85,0.0,0
079940,12548,21.36,1.94,1140,0.33,80
078890,7239,0.0,0.47,0,0.0,0
399720,5980,67.02,7.34,655,0.0,0
036620,1210,18.13,4.81,321,0.0,0
198440,2206,0.0,0.54,0,0.0,0
217730,770,0.0,2.03,0,0.0,0
114190,1550,177.5,4.58,40,0.0,0
094480,2872,670.95,4.91,21,0.32,45
039240,4160,11.45,0.76,276,3.8,120
053950,1474,2.8,0.44,232,0.0,0
011040,8168,29.51,0.73,203,5.01,300
024910,3703,21.46,0.46,79,1.18,20
049720,3800,11.04,2.76,951,4.29,450
014570,7222,17.66,0.68,278,3.26,160
348150,1938,0.0,2.55,0,0.0,0
098460,4898,51.1,3.33,319,0.86,140
035290,272,410.0,1.51,1,0.0,0
215000,73193,8.27,0.92,8190,5.91,4000
121440,18294,5.39,0.31,1056,4.39,250
366030,3415,12.93,1.31,347,2.01,90
014200,10022,0.0,0.6,0,0.0,0
029480,4242,1.18,0.55,1989,0.0,0
026910,3868,7.33,0.87,460,0.0,0
440790,0,0.0,0.0,0,0.0,0
456490,0,0.0,0.0,0,0.0,0
465320,0,0.0,0.0,0,0.0,0
482520,0,0.0,0.0,0,0.0,0
489210,0,0.0,0.0,0,0.0,0
053270,5003,3.24,0.45,698,2.65,60
066620,42335,3.06,0.45,6161,2.65,500
043650,14750,53.68,0.32,87,1.5,70
006050,1505,18.45,0.93,76,0.71,10
060480,3817,0.0,0.49,0,0.0,0
078130,109,0.0,7.34,0,0.0,0
307750,1985,107.0,1.89,35,0.27,10
035080,38830,0.0,0.38,0,1.36,200
453450,16432,0.0,1.35,0,0.0,0
204020,4205,9.23,1.07,487,2.45,110
402490,7177,50.71,1.99,281,0.0,0
114450,1873,45.0,1.95,81,0.0,0
186230,3982,105.56,1.91,72,0.0,0
204620,1561,82.65,4.39,83,0.0,0
019660,961,60.21,3.01,48,0.0,0
053260,8130,9.55,0.5,430,3.65,150
282720,7789,0.0,1.36,0,0.0,0
036190,61112,4.75,0.53,6780,4.35,1400
049080,578,0.0,0.92,0,0.0,0
420770,16227,104.83,1.74,269,2.84,800
035460,3206,4.84,0.73,481,0.0,0
407400,2837,0.0,2.88,0,0.0,0
187790,1020,1.49,1.08,739,0.0,0
121600,20390,0.0,2.51,0,0.49,250
286750,760,220.0,3.18,11,0.0,0
247660,4427,0.0,1.3,0,0.0,0
039860,2304,30.92,1.6,119,0.0,0
091970,790,0.0,0.78,0,0.0,0
417010,2266,0.0,2.42,0,0.0,0
405920,5081,0.0,0.5,0,0.0,0
051490,7668,14.83,0.51,264,2.3,90
137080,6912,0.0,0.46,0,0.0,0
190510,11357,8.13,1.2,1680,4.76,650
242040,1070,0.0,1.63,0,0.0,0
293580,1062,18.61,1.47,84,1.28,20
459510,579,0.0,36.44,0,0.0,0
138610,2959,0.0,9.36,0,0.0,0
130580,6553,6.27,0.85,887,3.69,205
036800,40381,5.2,0.56,4349,3.58,810
267320,1617,0.0,2.32,0,0.0,0
111710,9049,9.41,0.55,531,4.0,200
091590,13747,6.63,0.3,632,2.39,100
168330,861,0.0,4.3,0,0.0,0
094860,1417,0.0,0.7,0,0.0,0
253590,2727,20.95,3.48,453,0.63,60
212560,15757,3.68,0.52,2250,2.42,200
095660,24475,204.66,0.99,118,0.0,0
042420,50326,0.0,0.58,0,1.07,313
311390,5634,103.09,1.01,55,0.0,0
085910,3949,8.67,0.83,377,6.12,200
092730,11309,10.12,1.32,1475,4.02,600
290660,844,0.0,1.36,0,0.0,0
306620,1050,0.0,2.27,0,0.0,0
153460,5098,39.95,1.58,201,0.0,0
007390,1004,1481.58,28.04,19,0.0,0
033640,4777,0.0,2.28,0,0.0,0
330860,13574,0.0,1.04,0,0.0,0
351320,807,0.0,2.92,0,0.0,0
089140,11232,0.0,0.26,0,0.0,0
389650,5588,113.1,8.04,397,0.0,0
137940,1051,0.0,0.37,0,0.0,0
396270,487,0.0,11.17,0,0.0,0
348210,15338,13.66,3.34,3748,0.98,500
225570,4888,30.06,3.03,492,0.0,0
205500,450,0.0,7.2,0,0.0,0
217270,8205,206.74,1.08,43,0.0,0
104620,2292,0.0,2.54,0,0.0,0
473980,7982,30.23,3.87,1022,0.0,0
194700,12386,13.69,1.44,1300,1.12,200
285490,16840,10.59,1.09,1733,7.67,1409
145170,9397,0.0,0.59,0,0.0,0
106520,479,0.0,0.86,0,0.0,0
376930,546,0.0,4.16,0,0.0,0
142280,1899,24.76,2.19,168,0.0,0
234690,5914,24.75,1.67,398,1.22,120
054050,16893,12.25,0.49,676,2.66,220
069140,2950,11.64,0.53,134,0.0,0
040160,6857,0.0,0.54,0,0.0,0
332290,796,13.15,1.52,92,0.0,0
348340,1025,0.0,22.34,0,0.0,0
060260,1570,14.6,1.25,134,0.0,0
123840,2846,0.0,0.37,0,0.0,0
012340,505,0.0,1.29,0,0.0,0
270870,11819,10.66,0.48,534,0.0,0
144960,6705,11.23,0.79,472,0.94,50
085670,4153,6.91,1.1,658,0.0,0
064260,4455,56.33,1.38,109,0.0,0
340360,257,0.0,5.63,0,0.0,0
039560,6862,0.0,0.45,0,0.0,0
154040,2176,0.0,0.63,0,0.0,0
032190,35393,4.05,0.49,4290,2.59,450
323350,1913,0.0,3.86,0,0.0,0
068240,6749,29.54,1.34,306,0.0,0
464580,1819,58.69,2.1,65,0.0,0
020400,14382,0.0,0.43,0,0.97,60
008830,9519,142.15,1.94,130,0.22,40
048470,7631,87.23,0.54,47,0.73,30
004780,9484,5.29,0.4,724,3.13,120
017650,32886,4.6,0.22,1586,1.37,100
389260,7551,61.38,3.71,457,0.0,0
317850,5581,490.63,1.41,16,0.51,40
290670,7067,0.0,2.7,0,0.0,0
078140,12035,21.45,1.19,670,0.35,50
065150,85,0.0,1.71,0,0.0,0
036480,9250,0.0,0.89,0,0.91,75
027830,1829,7.52,1.05,256,0.0,0
104040,1390,54.55,0.78,20,0.0,0
129920,4640,0.0,1.13,0,0.0,0
442310,0,0.0,0.0,0,0.0,0
457630,0,0.0,0.0,0,0.0,0
471050,0,0.0,0.0,0,0.0,0
478780,0,0.0,0.0,0,0.0,0
482690,0,0.0,0.0,0,0.0,0
020180,895,7.22,1.38,171,2.43,30
045390,1898,26.49,2.9,208,0.0,0
108380,26534,10.92,0.87,2120,0.43,100
007680,21317,22.81,0.22,210,2.51,120
048910,8033,0.0,1.48,0,0.0,0
005710,25572,2.86,0.41,3624,1.93,200
290380,3075,0.0,0.75,0,0.0,0
120240,24124,11.0,0.62,1350,2.83,420
003310,2360,7.93,0.79,235,2.15,40
078600,15152,27.86,4.55,2477,0.14,100
393970,5231,0.0,1.87,0,0.0,0
096350,169,0.0,2.78,0,0.0,0
140520,7081,64.58,0.33,36,6.45,150
131220,5666,13.08,0.89,386,1.19,60
010170,488,0.0,1.69,0,0.0,0
054670,8937,6.98,0.86,1102,1.3,100
023910,46938,5.21,0.64,5741,3.01,900
021040,2158,0.0,0.65,0,0.0,0
021045,0,0.0,0.0,0,0.0,0
067080,4110,500.33,3.65,30,1.0,150
298540,23498,11.02,0.52,1118,4.06,500
032860,1406,19.32,0.85,62,0.0,0
214610,5030,0.0,1.1,0,0.0,0
393890,28622,0.0,0.26,0,0.0,0
299170,1380,39.55,1.26,44,0.0,0
462860,653,32.59,8.09,162,0.0,0
224060,8804,0.0,0.35,0,0.0,0
043090,2490,0.0,0.15,0,0.0,0
213420,16240,20.13,2.31,1863,0.0,0
317330,9681,0.0,1.68,0,0.0,0
077360,6897,9.52,0.62,449,0.0,0
090410,2715,6.32,0.57,245,1.29,20
263600,6362,0.0,0.75,0,0.0,0
194480,13986,17.03,3.16,2595,0.0,0
373160,1939,0.0,3.66,0,0.0,0
263800,2097,401.33,2.87,15,0.0,0
206560,1717,0.0,4.57,0,0.0,0
261200,3621,35.6,1.9,193,0.0,0
067990,13596,0.0,0.34,0,8.24,380
006620,3895,73.07,1.41,75,2.19,120
100130,3363,0.0,0.88,0,0.0,0
005160,7508,0.0,0.5,0,3.44,130
303810,7553,52.8,1.22,175,0.0,0
075970,4282,25.74,0.57,94,3.31,80
086450,13489,12.38,1.27,1382,1.17,200
240550,4567,68.86,2.91,193,0.0,0
099410,3000,8.2,1.19,434,0.0,0
033500,6973,19.7,3.83,1355,1.31,350
025950,11752,69.89,2.12,357,1.0,250
088130,7022,0.0,0.43,0,5.0,150
041930,11326,6.34,0.55,977,2.42,150
060380,5900,14.28,0.24,101,3.47,50
079960,51821,2.72,0.47,8912,2.47,600
228340,6140,0.0,0.34,0,0.0,0
088910,8211,0.0,0.26,0,0.0,0
094170,3527,15.69,5.32,1196,0.37,70
013120,11515,13.37,0.23,202,2.96,80
109860,18294,9.78,0.46,856,3.82,320
032960,16798,53.87,0.64,199,0.4,43
023790,816,0.0,1.09,0,0.0,0
005290,19400,10.28,1.6,3010,0.65,200
025900,19076,0.0,0.45,0,0.0,0
131970,22749,14.98,1.26,1912,0.56,160
073190,1178,0.0,1.85,0,0.0,0
176750,1517,36.04,7.08,298,0.0,0
030350,955,0.0,1.02,0,0.0,0
203650,2354,15.25,1.69,261,0.0,0
223250,2856,17.43,1.36,222,0.0,0
060570,1940,0.0,0.9,0,0.0,0
362990,2049,40.19,1.06,54,0.92,20
016670,12599,6.1,0.41,843,0.0,0
187870,21589,9.81,0.52,1154,1.77,200
489730,0,0.0,0.0,0,0.0,0
110990,11536,8.54,1.16,1570,2.83,380
263690,7952,6.06,0.7,923,2.86,160
214680,921,0.0,2.03,0,0.0,0
347850,6634,0.0,21.45,0,0.0,0
263720,7095,20.39,2.58,897,0.0,0
376300,8258,56.28,7.0,1027,0.37,215
109740,4770,0.0,1.67,0,0.0,0
031860,2803,0.0,0.42,0,0.0,0
196490,0,0.0,0.0,0,0.0,0
066900,3809,0.0,0.62,0,0.0,0
092070,13252,230.18,0.96,55,0.79,100
039840,14657,0.0,1.3,0,0.0,0
219550,99,0.0,5.99,0,0.0,0
310870,2453,48.84,0.62,31,1.32,20
104460,13265,9.38,1.33,1881,0.0,0
079810,7550,7.25,0.8,833,0.0,0
113810,680,7.64,1.55,138,1.9,20
043360,4591,0.0,0.52,0,0.0,0
197140,4421,24.18,0.53,97,0.0,0
068930,5080,13.06,1.49,579,6.61,500
033130,2364,15.63,0.67,102,1.88,30
105740,13304,39.71,0.63,210,3.0,250
263020,5097,6.25,0.57,463,1.73,50
290550,9087,4.85,0.74,1380,0.0,0
066670,10330,23.12,0.31,138,0.0,0
187220,7822,7.55,0.38,390,0.0,0
383930,2245,0.0,1.78,0,0.0,0
131180,2270,5.84,0.44,173,3.96,40
315640,846,0.0,7.42,0,0.0,0
223310,925,0.0,3.24,0,0.0,0
317120,1790,0.0,1.24,0,0.0,0
462510,2214,0.0,3.72,0,0.0,0
042510,4657,34.35,2.73,370,0.0,0
232680,2713,18.12,2.87,430,0.64,50
418420,537,0.0,7.27,0,0.0,0
300120,1458,0.0,3.31,0,0.0,0
171120,3728,9.34,0.63,250,4.28,100
388790,699,0.0,3.91,0,0.0,0
214260,3492,0.0,4.95,0,0.0,0
171010,3357,0.0,1.29,0,0.0,0
084650,2914,0.0,0.91,0,0.0,0
217500,1994,11.5,0.9,156,1.67,30
038390,12899,9.99,0.94,1211,19.01,2300
294140,584,0.0,7.51,0,0.0,0
443250,4166,20.83,2.96,593,0.0,0
228670,4707,0.0,1.68,0,0.0,0
228850,15531,13.92,0.45,498,1.44,100
412350,3268,0.0,1.05,0,0.0,0
199550,2609,0.0,3.23,0,0.0,0
281740,1982,36.88,5.9,317,0.43,50
277810,6843,2636.36,42.38,110,0.0,0
215100,1530,0.0,3.21,0,0.0,0
090360,9435,114.98,2.77,227,0.0,0
108490,7362,0.0,8.56,0,0.0,0
067730,1936,15.28,1.97,249,3.15,120
071280,8196,15.92,1.58,812,0.39,50
376900,0,0.0,0.0,0,0.0,0
328130,5696,0.0,8.25,0,0.0,0
038060,2317,4.87,0.39,185,0.0,0
474170,3440,0.0,2.37,0,0.0,0
141080,16978,473.13,6.33,227,0.0,0
058470,8213,34.54,6.28,1494,1.16,601
016100,2036,0.0,1.25,0,0.0,0
012700,16386,13.47,0.31,377,1.97,100
302550,1314,16.65,2.96,234,0.0,0
073570,1468,0.0,0.5,0,0.0,0
377450,11424,11.85,1.39,1342,0.0,0
277070,4674,19.85,1.13,265,1.5,79
042500,6703,5.37,0.7,869,5.14,240
193250,970,0.0,0.57,0,0.0,0
474650,4774,0.0,4.4,0,0.0,0
219420,3829,0.0,1.41,0,0.0,0
439090,6948,19.42,2.79,999,0.0,0
195500,4843,16.36,0.63,188,0.0,0
377480,2133,0.0,11.81,0,0.0,0
305090,1703,358.21,5.89,28,0.0,0
098120,7823,14.02,2.3,1285,0.44,80
424980,5115,0.0,1.67,0,0.0,0
038290,14834,0.0,1.06,0,1.92,300
267980,79607,6.06,0.48,6304,3.27,1250
005990,32393,5.61,0.34,1947,2.29,250
093520,11883,7.98,1.33,1983,1.26,200
100590,6171,0.0,0.55,0,0.0,0
067280,36488,6.67,0.96,5242,6.01,2100
072870,27841,7.82,0.4,1412,7.25,800
215200,41718,12.1,1.22,4199,2.95,1500
133750,2980,12.66,0.73,171,2.77,60
446540,2657,17.04,1.56,243,0.0,0
235980,1685,0.0,2.3,0,0.0,0
041920,6922,18.04,0.88,336,0.0,0
014100,6521,0.0,0.33,0,0.0,0
054180,761,0.0,0.23,0,0.0,0
086900,65700,72.02,2.61,2377,0.64,1100
078160,6642,0.0,1.81,0,0.0,0
408920,1623,7.56,1.47,315,4.2,100
021880,397,14.67,1.11,30,0.0,0
140410,1537,0.0,27.26,0,0.0,0
241770,19466,21.02,0.6,560,1.27,150
059210,4088,6.07,1.45,977,0.51,30
058110,2528,0.0,0.94,0,0.0,0
434480,3033,26.78,1.56,177,0.0,0
080420,4541,15.19,0.52,154,0.0,0
417970,10444,14.32,1.13,827,1.77,210
080160,4112,20.18,3.05,622,1.99,250
087260,1506,48.26,1.38,43,0.0,0
101330,14820,2.81,0.23,1206,0.0,0
012860,3038,6.89,0.49,218,0.0,0
363260,1162,0.0,1.55,0,0.0,0
348030,6075,0.0,0.68,0,0.0,0
250060,1095,9.11,2.4,288,0.0,0
288980,1069,0.0,1.36,0,0.0,0
142760,989,0.0,2.03,0,0.0,0
033200,7704,614.17,0.48,6,0.0,0
333050,922,15.51,1.7,101,1.02,16
118990,9407,12.46,0.97,731,1.78,162
463480,2125,54.71,4.87,189,0.0,0
006920,3094,56.6,0.97,53,0.0,0
001810,9075,11.64,0.19,149,0.58,10
279600,3847,0.0,3.24,0,0.0,0
095500,9853,10.49,0.83,782,0.61,50
254490,5948,34.06,2.4,419,0.0,0
218150,2236,0.0,1.75,0,0.0,0
442900,0,0.0,0.0,0,0.0,0
100790,6625,49.69,1.21,161,1.06,85
446190,0,0.0,0.0,0,0.0,0
448830,0,0.0,0.0,0,0.0,0
477380,0,0.0,0.0,0,0.0,0
477470,0,0.0,0.0,0,0.0,0
478440,0,0.0,0.0,0,0.0,0
482680,0,0.0,0.0,0,0.0,0
049950,15898,0.0,1.02,0,0.0,0
207760,712,0.0,2.58,0,0.0,0
059090,3220,25.51,4.56,575,0.0,0
201490,4828,368.33,1.37,18,0.0,0
475460,3716,32.95,3.58,404,0.0,0
452200,1263,0.0,3.15,0,0.0,0
206640,9653,12.15,1.56,1242,0.99,150
018700,846,0.0,1.67,0,0.0,0
035620,913,0.0,0.65,0,0.0,0
053030,5695,0.0,2.99,0,0.0,0
301300,4777,0.0,1.31,0,0.0,0
064550,8288,0.0,1.82,0,0.0,0
314930,1466,0.0,11.04,0,0.0,0
489460,2589,27.44,6.68,630,0.0,0
086820,1312,0.0,6.78,0,0.0,0
038460,5123,575.83,0.67,6,0.0,0
251120,7402,40.06,2.86,528,0.0,0
199730,5667,0.0,0.99,0,7.1,400
086040,2550,0.0,1.17,0,0.0,0
188040,0,0.0,0.0,0,0.0,0
099430,2289,30.24,3.29,249,0.66,50
032980,450,0.0,0.67,0,0.0,0
308080,3012,0.0,0.98,0,0.0,0
043150,30524,5.9,0.72,3712,0.46,100
323990,3143,0.0,3.34,0,0.0,0
267790,4788,7.1,0.94,633,1.11,50
046310,4436,3.6,0.66,817,3.4,100
331520,621,17.79,0.97,34,0.0,0
199480,1872,0.0,3.99,0,0.0,0
438700,2927,0.0,1.62,0,0.0,0
066410,1740,0.0,0.66,0,0.0,0
382900,19116,195.26,0.99,97,0.0,0
206400,2538,0.0,0.67,0,0.0,0
019010,7453,0.0,0.32,0,2.11,50
177350,1208,0.0,0.84,0,0.0,0
457600,1656,0.0,2.12,0,0.0,0
424760,1273,0.0,0.75,0,0.0,0
225530,2745,26.08,1.37,144,3.99,150
250000,14224,7.32,0.75,1449,2.36,250
310210,3696,0.0,29.46,0,0.0,0
006910,1845,29.51,1.95,122,0.0,0
226340,1161,0.0,0.87,0,0.0,0
014470,3145,7.79,0.53,215,0.0,0
008470,9729,18.49,0.4,209,1.29,50
338220,2199,0.0,9.14,0,0.0,0
100120,25807,9.36,0.84,2319,2.76,600
406820,9649,0.0,1.39,0,0.0,0
099390,6433,10.31,0.97,605,0.96,60
064480,4040,0.0,1.39,0,1.78,100
288330,509,0.0,1.85,0,0.0,0
365900,4655,0.0,0.74,0,0.0,0
089970,5270,0.0,2.3,0,0.0,0
251630,7515,0.0,0.65,0,2.06,100
018290,6552,14.25,6.01,2761,0.0,0
478560,1080,10.77,3.54,355,8.37,320
439580,1407,0.0,3.6,0,0.0,0
033560,9373,23.99,0.36,139,0.0,0
369370,628,0.0,2.26,0,0.0,0
126340,13627,0.0,2.37,0,0.0,0
121800,8263,3.81,0.4,872,0.0,0
082800,2155,0.0,2.9,0,0.0,0
318410,13836,12.65,0.62,678,4.66,400
419540,848,43.05,1.88,37,0.0,0
146320,5744,0.0,1.56,0,0.0,0
200780,8302,0.0,0.55,0,2.19,100
413640,4254,40.51,4.87,511,0.0,0
141000,16310,6.96,0.53,1235,1.16,100
083650,3761,68.88,11.59,633,0.0,0
445360,0,0.0,0.0,0,0.0,0
473370,0,0.0,0.0,0,0.0,0
065170,909,0.0,0.99,0,0.0,0
086670,13474,21.2,0.71,451,2.62,250
335890,1538,22.15,8.05,559,0.16,20
230980,70,0.0,3.27,0,0.0,0
082920,12597,12.93,2.36,2300,1.55,460
054220,293,0.0,1.22,0,0.0,0
042370,8938,28.68,1.02,317,0.55,50
050090,764,0.0,1.06,0,0.0,0
148780,376,0.0,7.11,0,0.0,0
307870,671,0.0,1.76,0,0.0,0
377030,471,0.0,15.1,0,0.0,0
032850,4415,11.34,1.23,479,1.16,63
238200,5707,0.0,0.58,0,0.0,0
093190,12326,7.29,0.51,863,3.18,200
065450,2033,33.42,2.19,133,0.67,30
044480,543,0.0,0.62,0,0.0,0
069540,1358,0.0,0.89,0,0.0,0
072950,9354,7.97,0.54,630,1.39,70
451250,4282,185.91,2.87,66,1.22,150
143240,16789,13.54,0.94,1162,3.18,500
466410,13262,10.7,1.23,1523,0.0,0
452430,2032,0.0,11.74,0,0.0,0
419120,7747,13.07,1.2,710,1.94,180
122350,2822,0.0,0.41,0,0.0,0
419050,1291,0.0,1.35,0,0.0,0
014970,3515,0.0,1.7,0,1.25,75
018310,44614,4.37,0.5,5148,0.89,200
053700,17160,2.22,0.25,1973,1.14,50
009620,240,0.0,5.74,0,0.0,0
023600,36549,4.75,0.27,2065,2.55,250
448740,0,0.0,0.0,0,0.0,0
009300,36042,4.89,0.49,3618,4.52,800
482630,8624,21.17,2.27,925,0.0,0
036670,11012,5.16,0.64,1367,3.54,250
361670,3591,0.0,1.29,0,0.0,0
054540,6000,10.81,0.89,492,2.82,150
065570,1032,0.0,0.74,0,0.0,0
032280,4087,19.13,0.37,80,0.0,0
002290,5558,7.8,0.66,471,5.44,200
037460,26837,2.87,0.43,4009,3.91,450
032750,11813,4.61,0.39,1002,1.73,80
054090,1858,0.0,0.42,0,0.0,0
000250,11442,0.0,14.74,0,0.12,200
024950,7646,0.0,0.6,0,0.0,0
038500,7043,5.18,0.45,616,3.45,110
437730,3627,50.4,3.81,274,0.36,50
017480,12640,12.83,0.36,357,6.55,300
046390,1476,26.89,0.86,47,0.0,0
027580,905,0.0,1.12,0,0.0,0
038540,8614,0.0,0.24,0,0.0,0
452670,0,0.0,0.0,0,0.0,0
091580,11570,173.75,0.72,48,1.2,100
263810,3278,17.99,0.93,169,0.0,0
089980,12894,49.37,1.51,395,1.03,200
042940,22095,0.0,0.63,0,0.0,0
042600,9956,0.0,0.71,0,0.0,0
107600,10630,0.0,1.51,0,0.0,0
411080,3274,0.0,2.75,0,0.0,0
252990,2525,80.33,1.91,60,0.0,0
378800,531,0.0,6.0,0,0.0,0
294630,328,0.0,8.93,0,0.0,0
038070,9739,23.67,0.81,335,1.26,100
006730,15484,16.75,0.58,533,1.12,100
079650,3501,0.0,0.45,0,0.0,0
100660,5200,117.1,0.7,31,0.28,10
019770,7915,4.73,0.48,805,1.71,65
043710,780,8.94,1.23,107,0.0,0
092190,857,20.51,3.76,157,0.0,0
046890,12115,0.0,0.55,0,0.0,0
063170,6395,0.0,1.44,0,0.0,0
027040,216,0.0,1.08,0,0.0,0
018680,3445,23.42,0.99,146,0.0,0
036120,806,31.69,3.15,80,2.37,60
093920,11587,6.13,0.5,949,6.01,350
189860,3245,40.98,1.41,112,0.0,0
178320,15467,12.47,1.37,1696,0.0,0
122690,4265,45.93,0.58,54,0.0,0
140070,5535,19.02,0.46,133,0.0,0
011370,5346,4.57,0.17,196,3.35,30
065710,19516,17.9,2.16,2357,5.92,2500
035890,5175,2.1,0.33,826,2.6,45
357550,7332,61.31,6.66,796,0.0,0
003100,62885,4.4,0.34,4799,2.13,450
067370,2201,0.0,3.4,0,0.0,0
217620,0,0.0,0.0,0,0.0,0
171090,5302,0.0,6.64,0,0.0,0
086710,6569,18.21,2.1,759,0.43,60
014620,19533,21.55,1.65,1494,0.62,200
037350,20638,3.54,0.23,1333,4.24,200
458650,14628,9.48,0.9,1394,1.13,150
081580,6699,0.0,0.47,0,0.0,0
045300,6994,14.16,0.46,225,0.0,0
015750,18911,3.32,0.31,1751,2.58,150
365340,16747,0.0,1.99,0,0.0,0
080470,7254,5.67,0.58,748,1.18,50
043260,2334,8.02,0.51,147,0.0,0
148150,5010,5.46,1.28,1173,1.56,100
188260,1436,0.0,1.85,0,0.0,0
053060,1988,0.0,0.66,0,0.0,0
340440,1198,16.8,1.15,82,3.63,50
017510,5154,25.7,1.53,307,1.01,80
011560,24373,3.55,0.51,3522,4.4,550
396300,2737,29.64,1.04,96,0.0,0
100700,3375,9.18,0.76,281,2.33,60
024830,45678,3.48,0.2,2631,1.64,150
258830,387,0.0,1.06,0,0.0,0
036630,6383,0.0,0.81,0,0.0,0
039310,5635,15.88,0.28,100,0.0,0
067770,5688,6.45,0.43,377,0.0,0
053450,9371,9.05,0.65,675,0.82,50
222810,180,0.0,30.0,0,0.0,0
252500,996,10.55,0.85,80,5.92,50
321370,465,0.0,2.71,0,0.0,0
347000,1234,34.42,2.15,77,0.0,0
331920,3330,2.06,0.93,1502,0.0,0
352770,2130,0.0,2.46,0,0.0,0
471820,3921,13.79,1.29,367,3.26,165
049180,170,0.0,5.45,0,0.0,0
299660,2155,0.0,2.64,0,0.0,0
108860,4484,0.0,3.51,0,0.0,0
208370,2481,39.55,1.96,123,0.0,0
318160,5436,15.09,1.36,491,0.0,0
308430,2310,0.0,8.85,0,0.0,0
068760,9139,100.0,5.54,506,0.0,0
068940,472,0.0,1.65,0,0.0,0
007720,1000,0.0,0.91,0,0.0,0
060230,1163,0.0,0.37,0,0.0,0
290690,1642,0.0,3.02,0,0.0,0
032680,504,0.0,0.73,0,0.0,0
032685,0,0.0,0.0,0,0.0,0
258790,485,152.33,2.83,9,0.0,0
066910,746,0.0,1.34,0,0.0,0
215090,402,6.86,2.03,119,0.0,0
035610,8045,2.57,0.53,1656,0.0,0
357780,130226,12.02,1.41,15296,1.25,2300
036830,63971,13.86,0.62,2846,0.56,220
304100,5905,0.0,8.7,0,0.0,0
328380,670,0.0,1.92,0,0.0,0
086980,2117,7.81,1.62,439,4.37,150
050960,12941,17.26,0.87,656,1.77,200
084180,7164,0.0,0.73,0,0.0,0
253840,6352,0.0,1.24,0,0.0,0
298830,1772,27.54,3.22,207,0.0,0
236200,34301,7.45,1.02,4709,0.0,0
094840,24243,4.81,0.33,1654,0.0,0
192440,85756,5.68,0.32,4808,1.69,462
424960,1031,0.0,8.91,0,0.0,0
099440,2933,4.6,0.79,502,0.0,0
276040,1225,0.0,2.02,0,0.0,0
060240,2070,0.0,0.95,0,0.0,0
115570,8429,5.55,0.39,589,0.0,0
330730,4926,35.23,0.94,132,4.3,200
352090,3336,7.24,1.16,534,9.57,370
253450,24606,49.1,2.22,1114,0.0,0
408900,1199,1396.67,3.49,3,0.0,0
204630,8417,0.0,0.55,0,0.0,0
415380,9035,9.79,0.98,904,2.82,250
013810,2983,0.0,1.07,0,0.0,0
347700,1418,0.0,7.52,0,0.0,0
049830,25157,14.84,0.37,620,1.3,120
020710,8351,2.48,0.48,1610,3.0,120
033170,807,0.0,0.84,0,0.0,0
048870,2209,22.8,1.29,125,0.0,0
025320,1914,21.81,3.66,321,0.0,0
340810,953,0.0,5.95,0,0.0,0
269620,0,0.0,0.0,0,0.0,0
056090,844,926.0,1.1,1,0.0,0
429270,5221,0.0,1.14,0,0.0,0
418250,863,0.0,7.59,0,0.0,0
131090,5995,11.4,0.73,385,2.85,125
290520,3646,0.0,0.49,0,0.0,0
001000,593,0.0,3.01,0,0.0,0
025870,4341,197.67,1.37,30,0.0,0
215600,960,0.0,3.31,0,0.0,0
065350,7641,0.0,9.68,0,0.16,120
416180,11542,40.68,2.8,794,0.62,200
162300,1980,14.25,1.14,159,0.88,20
290560,5805,10.82,1.23,662,0.0,0
002800,4342,18.66,1.38,322,1.0,60
472220,0,0.0,0.0,0,0.0,0
430220,0,0.0,0.0,0,0.0,0
445970,0,0.0,0.0,0,0.0,0
017000,9557,5.96,0.31,494,0.0,0
012790,12674,5.39,0.53,1237,2.85,190
138070,4629,52.39,0.52,46,2.07,50
226330,1635,0.0,4.67,0,0.0,0
452980,0,0.0,0.0,0,0.0,0
474660,0,0.0,0.0,0,0.0,0
474930,0,0.0,0.0,0,0.0,0
487360,0,0.0,0.0,0,0.0,0
487830,0,0.0,0.0,0,0.0,0
496070,0,0.0,0.0,0,0.0,0
056700,3250,68.52,0.61,29,0.0,0
187270,7295,4.34,0.49,825,1.4,50
243840,7920,7.15,0.5,555,1.66,66
257720,4297,28.69,13.29,1990,0.0,0
222800,14044,0.0,1.74,0,0.41,100
036710,515,0.0,2.99,0,0.65,10
444530,537,0.0,31.64,0,0.0,0
160980,16992,8.34,0.74,1508,2.78,350
356890,3474,4.29,1.02,826,0.85,30
217330,2106,0.0,1.71,0,0.0,0
208640,163,0.0,1.66,0,0.0,0
222420,760,0.0,1.07,0,0.0,0
037760,2909,0.0,0.57,0,3.02,50
081180,2753,26.54,4.16,431,0.0,0
099320,21529,69.67,2.34,722,0.38,190
049960,18143,5.99,0.73,2210,3.4,450
088280,2424,0.0,1.03,0,0.0,0
050890,5318,9.57,1.37,760,0.69,50
394800,892,0.0,8.8,0,0.0,0
177900,5314,5.31,1.36,1366,0.0,0
475400,6396,0.0,3.72,0,0.0,0
109670,9579,206.76,0.73,34,0.0,0
066790,570,0.0,2.62,0,0.0,0
222080,6188,9.0,1.14,783,0.0,0
352480,20585,10.52,1.66,3245,2.93,1000
264660,12939,17.86,1.03,746,0.75,100
352700,6395,34.74,0.41,76,1.89,50
458870,1705,0.0,12.52,0,0.0,0
297090,3441,81.63,2.18,92,0.0,0
359090,827,15.4,1.27,68,0.96,10
115530,143,0.0,3.41,0,0.0,0
115480,971,0.0,0.64,0,0.0,0
376290,6651,4.49,0.52,768,6.71,231
189330,1576,0.0,6.03,0,0.0,0
096530,21209,0.0,1.59,0,2.37,800
101240,8558,5.55,0.58,896,0.0,0
060590,2912,0.0,2.23,0,0.0,0
260930,8374,0.0,0.53,0,2.24,100
413630,1211,0.0,1.08,0,4.57,60
013990,6021,15.61,0.95,367,0.0,0
123860,5997,11.67,3.03,1559,0.0,0
025980,8044,0.0,1.35,0,0.0,0
125210,4286,50.31,1.51,129,0.0,0
357580,3690,44.39,1.86,155,0.0,0
052710,10211,0.0,1.03,0,0.0,0
074430,589,0.0,1.62,0,0.0,0
092040,2235,0.0,1.65,0,0.0,0
083930,14086,7.31,0.92,1776,3.85,500
149950,10624,12.91,0.78,639,2.42,200
036010,8066,0.0,0.67,0,0.0,0
050860,6465,10.62,0.36,217,2.17,50
136410,6092,14.79,1.37,564,1.08,90
246720,306,0.0,13.12,0,0.0,0
450950,600,74.57,21.5,173,0.25,32
067390,823,0.0,0.7,0,0.0,0
159010,4230,0.0,0.93,0,0.0,0
127710,2615,0.0,0.44,0,0.0,0
154030,1960,0.0,1.31,0,0.0,0
227610,667,0.0,1.69,0,0.0,0
143160,22609,11.24,0.68,1372,1.95,300
054800,37570,2.91,0.28,3630,2.37,250
332370,5012,5.51,0.98,894,3.45,170
339950,1266,7.17,1.65,292,1.43,30
469750,1060,0.0,0.83,0,0.0,0
460470,2073,0.0,1.65,0,0.0,0
099190,11748,0.0,1.38,0,0.62,100
461300,14512,7.58,1.43,2737,3.56,738
289010,3091,0.0,0.65,0,0.0,0
214430,15225,39.56,5.6,2156,0.47,400
040910,5946,0.0,0.74,0,0.0,0
368600,2529,0.0,1.07,0,0.0,0
456010,3240,0.0,5.1,0,0.0,0
052860,1836,0.0,1.02,0,0.0,0
464500,2232,0.0,1.68,0,0.0,0
212710,1165,128.9,8.08,73,0.0,0
038880,232,0.0,0.97,0,0.0,0
307180,442,180.0,6.52,16,0.0,0
101390,1116,0.0,0.35,0,0.0,0
461030,2315,0.0,3.77,0,0.0,0
451220,3660,0.0,2.72,0,0.0,0
090150,931,0.0,0.84,0,0.0,0
123010,936,0.0,1.25,0,0.0,0
031310,5935,0.0,0.29,0,0.0,0
462980,354,293.64,9.12,11,0.0,0
185490,1862,0.0,1.63,0,0.0,0
059100,5947,10.01,0.84,498,0.0,0
262840,2348,13.23,1.04,184,1.77,43
175250,1613,70.5,1.22,28,0.0,0
052460,2996,0.0,0.85,0,0.0,0
119830,7736,6.19,0.79,988,0.0,0
052770,113,0.0,8.51,0,0.0,0
124500,3358,157.07,8.61,184,0.0,0
010280,1169,7.27,1.11,179,0.0,0
232830,929,0.0,3.63,0,0.0,0
372800,3043,28.43,2.26,242,0.0,0
084850,8991,211.02,1.38,59,0.0,0
114840,5346,11.98,3.69,1647,0.6,118
027360,2205,38.71,1.23,70,1.85,50
032080,5062,0.0,0.26,0,0.0,0
013310,8548,6.02,0.34,480,3.46,100
059120,4398,0.0,1.59,0,0.0,0
203690,1776,0.0,2.49,0,0.0,0
158430,3873,24.28,3.13,500,0.41,50
200350,5417,0.0,3.39,0,0.0,0
321820,1737,0.0,7.17,0,0.0,0
001540,14577,5.36,0.55,1482,5.53,440
053800,38216,18.28,1.8,3763,1.89,1300
065660,11325,0.0,1.8,0,0.0,0
297570,1166,0.0,0.8,0,0.0,0
260660,5307,0.0,0.8,0,1.77,75
354320,22042,230.39,1.07,102,0.0,0
361570,2224,0.0,1.12,0,0.0,0
131370,1839,57.67,1.82,58,0.3,10
140670,2899,0.0,5.19,0,0.0,0
096610,685,0.0,4.33,0,0.0,0
061040,7214,0.0,0.43,0,0.0,0
148250,4969,0.0,1.55,0,0.39,30
347860,244,0.0,14.02,0,0.0,0
196170,5134,332.76,75.96,1172,0.0,0
123750,1577,0.0,0.99,0,0.0,0
085810,763,0.0,0.78,0,0.0,0
043100,1842,0.0,2.29,0,0.0,0
117670,684,0.0,1.15,0,0.0,0
314140,11827,0.0,0.47,0,0.0,0
291650,842,0.0,1.35,0,0.0,0
293780,2016,0.0,3.96,0,0.0,0
310200,2536,13.21,1.83,352,0.0,0
179530,529,0.0,6.2,0,0.0,0
052790,21893,10.04,0.31,681,0.0,0
290740,7402,32.52,0.7,159,1.93,100
238090,3962,0.0,0.51,0,0.0,0
092600,730,0.0,0.93,0,0.0,0
129890,1182,9.42,0.78,98,2.17,20
174900,1606,0.0,6.74,0,0.0,0
270520,510,0.0,2.37,0,0.0,0
255440,11381,0.0,0.61,0,0.0,0
030960,13735,26.42,0.62,324,0.58,50
102120,6792,74.72,1.77,161,1.25,150
238120,2469,10.98,1.28,287,0.0,0
019990,4346,147.86,1.91,56,0.0,0
435570,6218,124.77,3.07,153,0.0,0
270660,5388,639.26,3.2,27,0.0,0
038680,5492,15.98,0.93,321,0.97,50
217480,265,0.0,1.88,0,0.0,0
121890,808,0.0,1.91,0,0.0,0
304360,1010,0.0,21.68,0,0.0,0
389500,2037,0.0,10.53,0,0.0,0
042110,2710,8.24,0.53,174,2.44,35
298060,693,0.0,1.3,0,0.0,0
065420,107,0.0,2.62,0,0.0,0
103230,6920,5.24,0.5,662,0.0,0
260970,23526,25.86,5.78,5256,0.59,800
101490,11785,26.79,3.3,1452,0.39,150
095910,2001,0.0,0.87,0,0.0,0
275630,4981,0.0,0.64,0,0.0,0
031330,4414,5.32,0.67,556,6.76,200
060540,3921,14.03,0.35,97,0.0,0
056190,29955,0.0,0.76,0,1.18,270
246250,832,89.5,2.37,22,0.0,0
041510,29037,173.84,4.76,795,0.29,400
460870,1798,0.0,3.82,0,0.0,0
007820,3061,6.4,1.22,584,0.0,0
464080,1808,0.0,7.87,0,0.0,0
109610,3538,27.46,1.04,134,0.0,0
365330,1636,29.75,3.62,199,0.84,50
019590,534,0.0,5.18,0,0.0,0
306040,13888,0.0,0.3,0,0.0,0
398120,2103,0.0,1.72,0,0.0,0
457940,0,0.0,0.0,0,0.0,0
472230,0,0.0,0.0,0,0.0,0
473000,0,0.0,0.0,0,0.0,0
473950,0,0.0,0.0,0,0.0,0
455910,0,0.0,0.0,0,0.0,0
475660,4823,26.22,1.07,196,0.0,0
096630,704,0.0,1.13,0,0.0,0
069510,24198,3.46,0.79,5501,4.46,850
234300,3645,18.86,1.14,220,1.45,60
039440,17696,10.95,1.14,1841,0.99,200
098660,2272,0.0,1.01,0,1.74,40
052020,1388,0.0,5.04,0,0.0,0
237690,24966,45.39,3.24,1780,0.62,500
050760,4223,4.98,0.38,325,1.55,25
288620,9701,0.0,1.3,0,0.4,50
443670,2589,570.71,3.09,14,0.0,0
317830,5347,0.0,1.38,0,0.0,0
058610,11459,44.67,2.3,591,0.57,150
043340,269,0.0,1.92,0,0.0,0
163280,9411,55.99,2.01,337,0.0,0
054630,1228,0.0,1.29,0,0.0,0
200710,10125,0.0,1.7,0,0.0,0
475580,4208,49.11,2.75,236,0.0,0
096690,3435,0.0,0.4,0,0.0,0
298380,3094,0.0,22.88,0,0.0,0
203400,982,0.0,4.68,0,0.0,0
195990,379,0.0,0.78,0,0.0,0
003800,66944,4.58,0.43,6243,5.07,1450
088800,1270,0.0,2.09,0,0.0,0
241840,6184,0.0,1.85,0,0.0,0
364950,0,0.0,0.0,0,0.0,0
453860,10021,11.47,1.92,1677,0.0,0
312610,2830,0.0,0.46,0,0.0,0
172670,11482,0.0,0.7,0,0.0,0
481070,2565,28.87,9.08,807,0.0,0
445090,7825,0.0,3.99,0,0.0,0
295310,5555,0.0,4.74,0,0.0,0
072990,12612,9.17,0.71,980,1.0,90
044990,13705,7.8,1.1,1935,1.66,250
239610,18564,0.0,0.66,0,0.0,0
036170,2057,10.82,0.48,91,0.0,0
462020,0,0.0,0.0,0,0.0,0
477340,0,0.0,0.0,0,0.0,0
148930,6312,14.91,0.63,267,0.0,0
376270,3757,0.0,5.71,0,0.0,0
044780,3190,0.0,0.42,0,0.0,0
357230,3490,17.0,0.76,155,1.33,35
355690,2035,0.0,2.61,0,0.0,0
071670,8712,101.97,0.71,61,0.0,0
045660,13553,7.39,1.15,2116,1.92,300
224110,14510,6.22,0.93,2172,2.22,300
021080,3971,11.65,0.69,236,2.55,70
200470,1304,0.0,1.87,0,0.0,0
262260,5360,13.26,1.12,454,1.66,100
397030,4056,20.1,4.52,913,0.0,0
230240,12043,0.0,1.58,0,0.0,0
159910,357,0.0,2.35,0,0.0,0
230360,7751,9.38,1.14,943,5.65,500
038870,5767,0.0,0.74,0,0.0,0
097780,3516,0.0,0.35,0,0.0,0
448280,4337,177.11,3.1,76,3.71,500
101360,12618,22.94,1.61,885,0.0,0
128540,4188,2.06,0.38,781,0.0,0
086520,11942,0.0,3.71,0,0.23,100
247540,17517,0.0,5.82,0,0.0,0
383310,14153,18.42,1.81,1387,1.17,300
038110,5681,9.07,0.56,351,1.88,60
073540,5141,20.36,0.38,97,0.0,0
064850,5400,22.4,1.49,358,2.74,220
036810,12254,235.56,1.38,72,0.0,0
173940,2059,0.0,1.94,0,0.0,0
083500,9918,5.6,0.99,1755,2.03,200
054940,2079,3.71,0.36,203,0.0,0
373110,835,0.0,3.92,0,0.0,0
205100,1610,18.41,1.44,126,0.0,0
356680,1556,63.57,5.72,140,0.0,0
070300,2107,0.0,1.09,0,0.0,0
317770,2359,0.0,1.89,0,0.0,0
373200,118,0.0,5.77,0,0.0,0
069920,1299,0.0,1.37,0,0.0,0
092870,14143,0.0,0.75,0,0.95,100
317870,4545,0.0,3.11,0,0.0,0
067570,5505,8.3,0.42,280,6.45,150
236810,1571,0.0,2.02,0,0.0,0
333620,6177,7.16,1.14,983,2.27,160
101400,612,0.0,0.62,0,0.0,0
078860,1497,0.0,0.93,0,0.0,0
439410,0,0.0,0.0,0,0.0,0
440820,0,0.0,0.0,0,0.0,0
451700,0,0.0,0.0,0,0.0,0
466910,0,0.0,0.0,0,0.0,0
481890,0,0.0,0.0,0,0.0,0
265740,6184,0.0,1.73,0,0.0,0
354200,857,0.0,2.4,0,0.0,0
455900,2690,0.0,8.79,0,0.0,0
419080,4016,0.0,1.83,0,0.0,0
208860,1709,12.89,1.29,171,0.0,0
183490,2014,0.0,0.57,0,0.0,0
182400,0,0.0,0.0,0,0.0,0
348370,21494,0.0,2.69,0,0.0,0
069410,5323,39.69,0.95,128,0.0,0
227950,836,0.0,0.43,0,0.0,0
291230,682,0.0,2.54,0,0.0,0
048830,2411,0.0,0.46,0,2.71,30
096870,2247,0.0,1.17,0,0.0,0
290650,12535,4.7,2.33,6218,0.17,50
156100,2132,11.96,2.74,489,0.0,0
073110,13292,0.0,0.49,0,3.1,200
083310,15762,93.63,0.61,102,0.0,0
037950,948,15.73,0.98,59,0.0,0
489500,6556,14.13,3.3,1532,0.0,0
170920,11702,9.21,0.86,1088,1.0,100
058630,6677,7.11,0.88,828,2.72,160
226590,2836,34.75,4.69,383,0.0,0
058970,7276,33.13,7.34,1612,0.0,0
169330,1589,21.57,1.43,105,3.53,80
373170,4395,0.0,2.23,0,0.0,0
179290,3363,13.98,2.35,565,1.27,100
009780,9635,7.59,0.97,1237,1.17,110
123040,5386,83.13,0.49,32,0.0,0
432980,3535,0.0,1.2,0,0.0,0
413390,4963,13.13,1.61,608,1.25,100
032790,1018,15.67,1.11,72,0.0,0
033160,16452,0.0,0.48,0,1.26,100
347890,4504,14.66,1.26,388,3.87,220
033310,3485,24.27,0.62,89,0.0,0
259630,7081,8.88,1.14,910,1.24,100
105550,1214,0.0,2.61,0,0.0,0
060850,5881,14.99,1.05,413,1.29,80
143540,579,0.0,1.03,0,0.0,0
265560,7108,6.13,1.14,1318,1.24,100
036000,5301,0.0,0.75,0,0.0,0
250930,499,0.0,1.1,0,0.0,0
053280,7248,75.43,0.6,58,4.57,200
122640,6070,32.19,2.84,535,0.0,0
476040,2906,0.0,10.5,0,0.0,0
045060,6904,5.53,0.38,469,1.93,50
192410,2493,0.0,0.54,0,0.0,0
080520,12174,6.27,0.27,521,3.06,100
039830,15196,10.77,0.45,635,2.63,180
322310,7402,32.37,2.79,638,0.0,0
046120,2110,54.69,2.07,80,0.0,0
475830,6607,0.0,2.73,0,0.0,0
014940,2418,10.0,2.37,572,1.75,100
065500,1199,0.0,3.72,0,0.0,0
010470,10668,7.47,0.59,846,4.27,270
417860,2256,0.0,12.43,0,0.0,0
352910,2784,0.0,1.74,0,0.0,0
053980,5514,11.31,0.69,337,7.87,300
036220,20840,0.0,1.1,0,2.19,500
052420,2915,10.31,0.53,149,0.0,0
052300,16980,0.73,0.22,5161,0.0,0
039200,3340,1230.43,8.47,23,0.0,0
226400,2996,23.16,2.2,285,0.0,0
031510,2586,0.0,0.42,0,2.78,30
368970,3856,11.35,0.74,251,0.0,0
138080,7353,0.0,1.41,0,0.0,0
080580,1588,0.0,4.42,0,0.0,0
067170,6935,0.0,0.35,0,0.0,0
353590,1834,0.0,2.05,0,0.0,0
173130,4129,9.4,1.67,732,1.45,100
440320,4204,41.61,1.36,137,0.0,0
049480,2863,11.69,1.03,251,0.85,25
394280,2446,0.0,5.89,0,0.0,0
309930,1392,44.09,2.09,66,0.0,0
476060,5185,0.0,4.51,0,0.0,0
382150,1725,0.0,7.37,0,0.0,0
244460,2498,0.0,0.66,0,0.0,0
226950,967,0.0,42.24,0,0.0,0
057540,1847,8.55,0.52,113,0.0,0
131030,9403,9.42,0.68,675,0.0,0
082210,2501,1.75,0.68,967,0.0,0
109080,11794,9.46,0.79,991,1.07,100
380540,495,0.0,3.7,0,0.0,0
153710,1863,0.0,2.63,0,0.0,0
432430,2084,0.0,2.92,0,0.0,0
338840,1229,0.0,8.2,0,0.0,0
122990,13023,16.54,0.51,399,7.58,500
232140,4054,74.23,2.51,137,0.0,0
112290,4401,0.0,6.19,0,0.0,0
065530,1586,21.03,0.84,63,3.77,50
067900,16744,4.16,0.43,1730,0.97,70
007530,2537,8.44,0.91,273,1.3,30
155650,6459,9.83,0.55,363,2.1,75
273640,5403,21.98,1.81,445,1.43,140
251370,10682,0.0,0.94,0,0.0,0
066430,1062,0.0,1.16,0,0.0,0
209640,5497,238.53,1.48,34,0.0,0
096250,4231,66.15,3.94,252,0.43,71
273060,945,25.74,1.17,43,0.0,0
019210,10669,13.57,0.6,470,2.51,160
122870,26050,93.79,3.6,999,0.27,250
079000,11265,17.89,0.46,289,3.87,200
403490,903,31.15,2.24,65,0.0,0
032820,691,0.0,5.96,0,0.0,0
041190,8555,4.52,1.0,1897,0.0,0
115440,8947,3.46,0.74,1915,1.51,100
046970,917,0.0,1.46,0,0.0,0
082850,4494,24.0,0.53,100,0.0,0
215360,11963,6.86,0.82,1438,1.83,180
072470,7057,159.35,0.52,23,1.5,55
073560,4553,6.91,0.33,218,4.64,70
037400,5728,13.14,0.2,86,0.0,0
153490,1776,6.72,0.41,109,0.0,0
101170,6086,0.0,0.84,0,0.58,30
066590,2344,18.02,1.41,184,0.0,0
103840,2697,0.0,1.08,0,0.0,0
101970,12684,7.33,1.16,2009,0.0,0
046940,5759,73.66,0.52,41,0.0,0
215380,1762,128.67,1.1,15,0.0,0
065680,30650,15.12,1.22,2474,0.8,300
018620,962,0.0,0.98,0,0.0,0
457550,5115,50.85,5.87,590,0.67,200
396470,3925,38.43,2.06,210,0.62,50
307280,5250,6.92,1.06,801,1.81,100
032940,14920,5.42,0.42,1162,0.0,0
240810,18240,61.15,1.43,426,0.19,50
074600,17636,9.37,1.03,1934,0.55,100
104830,38164,8.82,0.58,2523,1.57,350
014190,3020,20.09,0.51,76,0.0,0
217820,1796,0.0,1.63,0,0.0,0
030530,12677,0.0,0.42,0,0.0,0
012620,36409,5.11,0.21,1512,3.24,250
136150,5013,25.23,5.4,1072,0.0,0
382840,7847,36.46,1.14,246,2.23,200
336570,1419,33.03,7.61,327,0.46,50
376980,4087,0.0,1.3,0,0.0,0
008370,8545,6.83,0.52,645,5.68,250
008290,477,0.0,1.03,0,0.0,0
101160,18623,5.51,1.17,3939,0.28,60
336060,816,18.65,1.55,68,0.0,0
095270,4042,0.0,1.33,0,0.0,0
289930,2686,0.0,3.86,0,0.0,0
065950,2213,0.0,0.97,0,0.0,0
076080,2596,0.0,0.63,0,0.0,0
043590,1427,0.0,0.45,0,0.0,0
196700,2587,18.12,0.58,83,0.0,0
069080,22756,7.68,0.65,1932,2.02,300
053580,8028,32.37,2.24,556,0.56,100
479960,4899,32.33,3.2,485,4.38,686
377460,1397,0.0,1.21,0,0.0,0
044340,10704,0.0,0.66,0,4.23,300
330350,7054,21.35,1.1,362,0.0,0
348350,12288,12.68,0.73,710,0.0,0
112040,12731,6.01,2.65,5604,0.0,0
101730,5994,0.0,1.27,0,0.0,0
123420,23553,3.48,0.33,2264,0.0,0
065370,4445,0.0,2.05,0,1.65,150
038620,1241,106.17,0.51,6,0.0,0
299900,989,0.0,1.36,0,0.0,0
036090,1015,107.0,0.74,7,0.0,0
459100,3249,47.26,2.12,146,4.35,300
136540,16063,7.97,0.8,1613,6.23,800
097800,568,0.0,0.9,0,0.0,0
192390,6988,4.15,0.42,711,1.02,30
335870,1867,31.6,1.22,72,0.0,0
036200,7757,11.76,0.8,528,1.29,80
018000,393,0.0,3.61,0,0.0,0
203450,3409,7.8,0.91,398,2.25,70
011320,6448,9.84,0.61,399,1.15,45
086390,5822,0.0,1.92,0,0.0,0
241690,5696,6.99,0.53,434,0.0,0
142210,6662,5.57,0.92,1105,2.44,150
389680,325,0.0,2.08,0,0.0,0
088340,6951,37.46,3.05,566,0.47,100
048430,12681,7.62,0.7,1166,3.37,300
206650,3614,23.96,3.45,520,0.0,0
089850,9344,6.48,0.75,1077,0.0,0
084440,317,0.0,3.9,0,0.0,0
032620,1955,0.0,2.11,0,0.73,30
264450,11841,5.75,0.69,1415,2.09,170
078070,14967,18.5,0.67,539,1.3,130
024800,14233,1.7,0.21,1735,0.0,0
054930,49241,3.03,0.5,8141,3.65,900
069330,1378,19.63,0.9,63,0.0,0
049520,6302,4.17,0.62,933,6.93,270
444920,0,0.0,0.0,0,0.0,0
446150,0,0.0,0.0,0,0.0,0
449020,0,0.0,0.0,0,0.0,0
450940,0,0.0,0.0,0,0.0,0
473050,0,0.0,0.0,0,0.0,0
474490,0,0.0,0.0,0,0.0,0
493790,0,0.0,0.0,0,0.0,0
263770,3482,8.98,0.61,235,2.84,60
388720,8297,0.0,9.14,0,0.0,0
340930,1213,0.0,1.15,0,0.0,0
023410,12873,0.0,0.29,0,4.58,170
056080,952,0.0,10.61,0,0.0,0
468760,0,0.0,0.0,0,0.0,0
488060,0,0.0,0.0,0,0.0,0
442130,0,0.0,0.0,0,0.0,0
084370,18261,13.57,2.11,2845,0.6,230
240600,6594,0.0,0.66,0,0.0,0
221800,3050,0.0,1.04,0,0.0,0
179900,4076,0.0,5.53,0,0.0,0
263050,1084,0.0,1.34,0,0.0,0
191410,1903,0.0,0.97,0,0.0,0
372170,24722,5.95,1.12,4649,0.72,200
146060,1980,13.72,0.7,101,0.0,0
072770,800,0.0,0.81,0,0.0,0
039020,8848,0.0,0.54,0,1.05,50
067920,7714,9.04,0.73,623,3.2,180
044960,3958,14.75,1.13,302,1.35,60
303530,5239,0.0,1.36,0,0.0,0
296640,6480,12.9,1.21,607,3.19,250
302430,6488,0.0,1.32,0,0.0,0
462350,4713,0.0,3.59,0,0.0,0
274400,2808,0.0,1.73,0,0.0,0
073490,22269,66.52,0.99,333,0.54,120
215790,1102,0.0,0.41,0,0.0,0
344860,1389,26.46,1.5,79,3.83,80
088390,19629,0.0,0.38,0,0.0,0
272290,24601,6.4,0.95,3632,1.51,350
053350,6624,79.34,1.63,136,0.0,0
452400,13677,72.87,0.61,115,2.39,200
264850,1717,29.55,2.86,166,1.02,50
054210,9962,2945.0,0.59,2,1.36,80
009730,933,0.0,0.89,0,0.0,0
065440,1872,9.72,1.1,212,0.0,0
424870,305,0.0,16.72,0,0.0,0
115610,298,0.0,4.24,0,0.0,0
478110,0,0.0,0.0,0,0.0,0
131400,1941,0.0,0.68,0,0.0,0
351330,4896,0.0,1.57,0,0.0,0
080010,13782,4.82,0.42,1191,2.26,130
086890,2809,12.84,1.9,415,0.0,0
047560,6692,0.0,3.6,0,0.0,0
239340,767,0.0,3.2,0,0.0,0
067010,4688,13.24,0.62,219,3.45,100
456070,4474,0.0,2.95,0,0.0,0
102710,27813,14.65,1.15,2178,0.47,150
041520,15368,0.0,0.55,0,3.88,330
063760,7068,0.0,0.31,0,2.27,50
123570,4446,9.28,0.56,269,2.4,60
083470,699,12.89,1.29,70,0.0,0
095190,1706,0.0,1.43,0,0.0,0
091120,12451,0.0,0.84,0,0.0,0
039030,49352,45.14,3.24,3540,0.31,500
294090,18,0.0,82.78,0,0.0,0
088290,655,0.0,1.78,0,0.0,0
353810,2538,8.95,2.04,579,3.86,200
099750,5172,105.0,3.65,180,0.0,0
377330,6577,0.0,0.73,0,3.12,150
035810,10464,14.83,0.37,263,6.41,250
092130,4068,15.11,3.98,1072,9.81,1590
096040,100,0.0,2.71,0,0.0,0
134060,6103,7.61,0.77,618,5.32,250
001840,756,0.0,2.14,0,0.0,0
024810,1040,0.0,0.86,0,0.0,0
041830,21471,9.48,1.13,2557,1.65,400
352940,3807,46.53,0.72,59,0.0,0
079950,1147,0.0,0.59,0,0.0,0
389470,3223,0.0,12.77,0,0.0,0
277410,1732,55.43,0.74,23,1.57,20
060150,7245,0.0,0.83,0,0.0,0
033230,1756,0.0,1.25,0,0.0,0
450520,2992,0.0,1.58,0,0.0,0
465480,5194,14.38,1.4,507,0.0,0
037330,4858,0.0,0.28,0,1.82,25
100030,19056,18.2,0.92,960,0.0,0
211050,3048,9.46,3.91,1260,0.84,100
083640,1005,0.0,0.33,0,0.0,0
064090,1947,4.29,1.02,462,0.0,0
216050,9944,11.29,0.92,806,2.66,242
049070,41568,12.59,0.41,1345,1.18,200
119610,13561,1114.67,1.23,15,1.79,300
017250,1992,9.06,0.52,114,0.0,0
051370,12079,3.58,0.7,2363,0.0,0
064290,3671,0.0,2.52,0,0.0,0
189300,25493,0.0,1.98,0,0.2,100
287840,566,0.0,66.87,0,0.0,0
150840,136,0.0,43.01,0,0.0,0
048530,2620,0.0,1.49,0,2.55,100
115310,52994,10.27,0.81,4186,2.79,1200
039290,8249,0.0,0.85,0,0.14,10
071200,7298,3.89,0.96,1802,0.0,0
101930,27880,9.06,1.36,4187,1.84,700
333430,1237,80.7,3.72,57,0.0,0
068330,1450,20.55,1.29,91,0.37,7
178780,1928,5.32,1.43,520,0.0,0
019540,11378,2.5,0.37,1703,2.35,100
094820,8861,17.08,1.33,692,2.79,330
049550,3872,22.07,0.89,157,0.0,0
389020,6860,133.44,6.28,323,0.0,0
254120,937,35.14,1.61,43,0.0,0
043910,791,0.0,1.0,0,0.0,0
234920,1831,0.0,2.3,0,0.0,0
289220,3077,0.0,2.64,0,0.0,0
174880,16697,2.44,0.16,1088,0.0,0
049630,824,18.0,1.07,49,0.0,0
417840,6802,0.0,1.52,0,0.0,0
110020,1950,8.57,2.22,505,0.0,0
208140,4076,7.42,0.66,364,9.26,250
040420,5636,12.1,1.09,509,8.6,530
045510,1397,33.4,0.72,30,0.0,0
217190,5701,10.26,1.25,694,1.05,75
095700,5754,0.0,0.88,0,0.0,0
122310,6769,0.0,0.86,0,3.09,180
361390,4575,0.0,4.77,0,0.0,0
225220,4447,0.0,0.55,0,0.0,0
123330,2831,40.35,14.77,1036,0.0,0
381620,4364,16.98,1.73,444,1.33,100
159580,4033,199.8,1.24,25,1.0,50
147830,4103,20.71,1.65,326,2.96,200
033100,12246,8.61,3.5,4976,2.33,1000
079370,11180,9.54,1.16,1358,0.77,100
054950,17567,10.1,1.44,2504,1.98,500
023440,744,0.0,2.62,0,0.0,0
090470,9415,0.0,0.39,0,1.36,50
137950,7589,14.62,0.54,278,3.69,150
033320,5673,57.65,1.0,98,0.0,0
417500,2272,10.93,1.62,337,2.71,100
204270,5907,0.0,3.29,0,0.0,0
127120,1113,0.0,8.36,0,0.0,0
026040,2816,0.0,1.09,0,0.0,0
452160,3962,25.98,1.37,209,0.0,0
126880,9223,1.03,0.44,3949,1.23,50
322510,1958,0.0,3.04,0,0.0,0
033050,1762,7.62,0.51,118,0.0,0
094970,8208,4.45,0.29,533,1.27,30
418550,5983,0.0,1.43,0,0.0,0
420570,5467,0.0,1.97,0,1.85,200
089790,7014,9.42,0.61,457,0.0,0
052670,1142,0.0,1.82,0,0.0,0
412540,0,0.0,0.0,0,0.0,0
199820,6862,21.44,1.45,464,1.01,100
038010,15849,2.66,0.42,2485,1.82,120
080220,5469,23.56,2.5,581,0.0,0
216080,2021,0.0,3.2,0,0.0,0
337930,3782,8.53,1.59,706,2.99,180
229000,943,0.0,1.83,0,0.0,0
082270,731,0.0,93.43,0,0.0,0
044060,460,0.0,1.59,0,0.0,0
034940,1013,0.0,1.02,0,0.0,0
067000,1366,0.0,1.39,0,0.0,0
033340,584,349.25,2.39,4,0.0,0
036930,12400,13.86,2.54,2272,0.91,287
072020,10866,13.93,0.91,713,1.71,170
000440,12305,0.0,1.59,0,1.64,320
051980,962,0.0,2.36,0,0.0,0
228760,5164,0.0,2.36,0,0.0,0
314130,1472,0.0,1.83,0,0.0,0
389030,667,0.0,4.15,0,0.0,0
263860,6583,16.93,3.25,1264,1.17,250
303030,474,61.94,2.35,18,0.0,0
036180,331,0.0,1.74,0,0.0,0
208350,6171,0.0,0.47,0,0.0,0
144510,30464,0.0,0.66,0,0.0,0
340450,1692,0.0,5.99,0,0.0,0
358570,535,0.0,44.86,0,0.0,0
382480,2111,15.93,1.02,135,0.51,11
382800,3521,10.35,1.18,403,0.0,0
051160,9794,10.0,1.22,1193,0.0,0
053050,3148,25.67,0.97,119,1.31,40
119850,10652,13.94,3.38,2582,0.28,100
065060,2747,0.0,0.54,0,0.0,0
204840,256,0.0,4.86,0,0.0,0
311320,4267,25.64,1.6,266,0.73,50
388050,1967,49.69,5.71,226,0.0,0
018120,13057,12.12,1.44,1549,5.86,1100
109820,963,0.0,2.82,0,0.0,0
086060,5920,12.85,0.72,333,0.0,0
036890,13124,10.56,0.84,1049,1.81,200
363250,2830,0.0,3.25,0,0.0,0
007370,10491,2.42,0.62,2692,2.3,150
285800,2169,0.0,1.05,0,0.0,0
085660,4463,0.0,2.27,0,0.0,0
261780,1033,0.0,2.91,0,0.0,0
351870,4541,0.0,1.76,0,0.0,0
094850,6443,31.37,1.13,233,0.0,0
004650,17539,5.97,0.56,1650,6.09,600
278280,36848,0.0,1.09,0,0.0,0
362320,3764,86.53,1.66,72,0.0,0
066360,1577,0.0,0.51,0,0.0,0
047820,10802,0.0,0.49,0,0.0,0
094360,3778,36.41,4.69,487,0.56,100
016920,2837,25.79,0.48,53,0.73,10
284620,64,0.0,17.94,0,0.0,0
293490,16316,0.0,1.14,0,0.0,0
140430,1922,0.0,1.34,0,0.0,0
042000,8916,49.02,5.88,1069,0.0,0
313760,2581,0.0,1.72,0,0.0,0
317530,1232,0.0,4.15,0,0.0,0
071850,3274,0.0,0.51,0,0.0,0
198080,5382,2.81,0.46,886,0.0,0
210120,728,0.0,6.7,0,0.0,0
050110,1037,0.0,0.8,0,0.0,0
452300,2297,28.12,1.59,130,0.71,26
451760,6281,0.0,1.53,0,0.0,0
078340,84443,0.0,0.5,0,3.07,1300
063080,36433,0.0,0.83,0,0.0,0
307930,4777,48.13,1.35,134,0.0,0
079190,470,0.0,1.08,0,0.0,0
263700,2497,0.0,1.47,0,0.0,0
214370,4563,48.33,6.97,658,2.01,640
221980,26942,8.06,0.43,1424,4.36,500
038530,488,0.0,0.54,0,0.0,0
192250,12984,52.41,0.99,245,1.56,200
431190,4063,0.0,1.36,0,0.0,0
115500,1573,67.49,7.16,167,1.6,180
089150,1972,92.25,2.39,51,1.28,60
025880,4512,6.66,0.64,433,3.47,100
093320,39126,24.49,2.34,3736,0.66,600
093640,2504,0.0,1.55,0,0.0,0
073010,1782,12.27,2.67,387,0.32,15
105330,8075,22.0,0.59,217,0.0,0
053080,14313,12.21,0.89,1048,2.34,300
199430,2593,0.0,3.16,0,0.0,0
432470,6265,48.06,1.74,227,0.0,0
272110,9126,13.17,1.95,1353,0.0,0
039420,2804,8.43,1.18,394,3.01,100
083550,10514,0.0,0.29,0,0.65,20
032500,3607,0.0,3.5,0,0.0,0
225430,1170,0.0,0.52,0,0.0,0
102370,4275,0.0,0.95,0,0.0,0
068100,1337,0.0,2.74,0,0.0,0
106080,1382,0.0,1.47,0,0.0,0
455180,0,0.0,0.0,0,0.0,0
036030,5330,12.13,0.91,401,0.0,0
064820,7695,12.1,0.88,563,4.41,300
024880,11922,4.33,0.4,1108,3.13,150
042040,393,0.0,0.7,0,0.0,0
054410,9211,6.75,0.4,552,0.0,0
258610,1340,8.02,1.21,202,0.0,0
274090,14188,0.0,0.89,0,0.0,0
089010,12908,17.66,1.87,1370,0.83,200
220260,2510,24.9,1.92,194,0.0,0
052400,13688,30.23,4.67,2114,1.06,680
402030,1711,0.0,24.08,0,0.0,0
391710,621,66.72,2.69,25,0.0,0
046070,1051,1.77,9.78,5800,0.0,0
047770,1738,33.82,1.07,55,0.0,0
080530,927,104.4,1.69,15,0.0,0
104540,5368,0.0,1.17,0,0.0,0
027050,2858,119.26,1.13,27,0.0,0
190650,14561,8.5,0.53,909,6.47,500
123410,7705,3.89,0.64,1261,3.05,150
036690,1598,0.0,1.81,0,0.0,0
049430,26081,3.45,0.4,3032,2.87,300
183300,26373,12.85,2.63,5402,1.44,1000
041960,899,27.82,5.82,188,0.0,0
089890,3809,0.0,1.95,0,0.0,0
360350,4060,68.82,2.02,119,0.0,0
082660,222,0.0,2.16,0,0.0,0
222040,2790,0.0,1.82,0,0.0,0
241710,20450,15.42,3.02,4007,0.16,100
355150,3045,0.0,3.83,0,0.0,0
166480,1921,0.0,1.47,0,0.0,0
045970,3669,0.0,1.02,0,0.0,0
196450,1282,0.0,0.53,0,0.0,0
384470,265,0.0,23.58,0,0.0,0
102940,12021,0.0,2.69,0,0.0,0
033290,6592,7.02,0.35,326,0.0,0
056360,13849,0.0,0.42,0,0.52,30
282880,15737,8.51,0.78,1438,1.63,200
121850,404,0.0,2.36,0,0.0,0
448710,10289,13.8,2.51,1873,0.58,150
126730,6568,29.79,1.9,420,0.0,0
015710,7470,29.72,0.58,145,1.62,70
052330,26307,4.41,0.35,2087,2.71,250
322780,860,0.0,1.35,0,0.0,0
200130,13868,24.48,1.1,621,2.03,308
294570,14396,18.78,2.04,1560,0.51,150
317690,395,0.0,7.78,0,0.0,0
227100,159,0.0,3.85,0,0.0,0
432720,3637,0.0,3.9,0,0.0,0
365270,2159,0.0,2.62,0,0.0,0
348080,353,0.0,2.76,0,0.0,0
060280,2273,0.0,4.12,0,0.0,0
372320,2074,0.0,15.07,0,0.0,0
051780,1114,0.0,0.71,0,0.0,0
115180,1683,0.0,7.12,0,0.0,0
445680,3016,0.0,11.39,0,0.0,0
182360,11261,15.56,1.6,1159,0.0,0
405100,7734,56.97,1.75,238,3.54,480
066310,9493,23.08,0.88,360,1.2,100
016600,791,29.3,0.37,10,0.0,0
355390,1142,0.0,10.11,0,0.0,0
096240,4772,16.3,3.08,902,10.2,1500
040350,262,0.0,2.25,0,0.0,0
110790,17178,0.0,0.29,0,4.02,200
045520,3211,0.0,1.36,0,0.0,0
214150,6931,40.15,8.79,1517,0.42,257
466100,2440,0.0,7.27,0,0.0,0
237880,13391,10.79,1.25,1550,2.39,400
139670,1548,8.73,1.76,312,0.0,0
475430,11457,13.18,0.6,522,1.54,106
487720,0,0.0,0.0,0,0.0,0
489480,0,0.0,0.0,0,0.0,0
446840,0,0.0,0.0,0,0.0,0
054780,2152,0.0,2.15,0,0.0,0
256940,2674,322.88,7.12,59,0.0,0
219130,8388,306.14,1.61,44,0.0,0
336680,4637,7.49,0.94,580,2.3,100
360070,17646,0.0,1.41,0,0.0,0
065130,13002,0.0,0.3,0,0.0,0
134580,1500,0.0,1.24,0,0.0,0
023160,21883,12.21,0.97,1736,1.18,250
323280,1517,131.61,19.35,223,0.0,0
053620,23123,6.65,0.3,1038,2.9,200
044490,30212,25.69,1.05,1234,0.0,0
124560,5944,3.6,0.51,835,3.33,100
191420,6227,44.93,3.02,418,0.0,0
073640,657,0.0,1.0,0,0.0,0
066700,3504,0.0,0.87,0,0.0,0
095610,18843,10.71,1.38,2432,2.3,600
064520,4448,0.0,0.47,0,0.0,0
089030,5337,0.0,6.36,0,0.38,130
054450,13667,0.0,1.05,0,0.42,60
200230,6894,0.0,0.65,0,0.0,0
393210,1806,0.0,4.15,0,0.0,0
475960,3218,0.0,8.58,0,0.0,0
215480,3663,0.0,0.67,0,0.0,0
051360,15780,3.94,0.94,3763,2.02,300
045340,3207,8.88,1.97,713,0.0,0
108230,11076,4.37,0.38,974,3.52,150
079970,2204,0.0,0.27,0,0.0,0
199800,6837,38.08,4.32,776,0.0,0
417790,9471,6.87,0.99,1366,2.45,230
290090,9438,34.0,0.85,235,7.51,600
026150,6143,29.25,1.27,266,0.0,0
464280,7281,14.3,1.58,803,0.0,0
117730,1770,0.0,6.72,0,0.0,0
033830,1354,18.25,0.54,40,1.51,11
057680,1969,46.72,0.76,32,0.0,0
204610,1675,11.19,1.26,189,2.84,60
125020,0,0.0,0.0,0,0.0,0
064760,44219,16.51,2.3,6167,1.39,1410
246710,1099,0.0,4.59,0,0.0,0
340570,21238,10.84,2.93,5749,1.2,750
043220,415,0.0,0.41,0,0.0,0
277880,5048,4.94,1.06,1088,0.0,0
131290,31781,10.05,1.25,3956,1.01,400
425420,7104,196.88,3.55,128,0.0,0
484810,2432,33.64,6.65,481,0.0,0
131100,2336,20.03,0.67,78,0.0,0
356860,11528,60.24,1.94,371,0.89,200
321550,1787,0.0,2.98,0,0.0,0
425040,8702,10.57,0.74,609,1.55,100
241790,11433,6.47,0.55,975,2.38,150
022220,1892,0.0,0.49,0,0.0,0
104480,12191,0.0,0.14,0,0.0,0
081150,6540,58.66,0.5,56,0.76,25
130740,5852,13.54,0.31,134,0.0,0
084730,17321,8.81,0.53,1043,0.0,0
440110,1950,0.0,5.91,0,0.0,0
033540,2737,30.0,0.49,45,0.0,0
388870,1438,0.0,4.37,0,0.0,0
043200,670,0.0,2.25,0,0.0,0
214450,46640,51.11,9.8,8941,0.24,1100
208340,595,0.0,4.9,0,0.0,0
177830,6917,5.04,0.44,602,2.64,80
037070,4152,0.0,1.69,0,1.43,100
150900,3188,13.38,1.65,394,1.9,100
037030,5210,3.42,0.53,803,0.0,0
047310,5909,15.82,0.8,299,0.0,0
368770,1181,31.23,5.79,219,0.96,66
170790,12496,10.6,0.69,811,3.49,300
049120,683,0.0,1.42,0,0.0,0
038950,11356,0.0,0.3,0,1.46,50
387570,3827,0.0,2.0,0,0.0,0
441270,3778,0.0,1.51,0,0.0,0
106240,4835,0.0,0.22,0,0.0,0
131760,841,12.25,0.93,64,0.0,0
065690,3972,0.0,0.27,0,0.0,0
140860,27069,46.23,10.55,6175,0.18,500
091700,10003,6.29,0.65,1030,4.63,300
032800,254,0.0,2.35,0,0.0,0
318010,8349,19.49,0.48,205,2.5,100
027710,2330,37.0,0.56,35,1.93,25
225590,2910,19.58,0.34,50,0.0,0
054300,845,11.8,0.75,54,0.0,0
068050,2843,0.0,0.92,0,0.0,0
222110,1931,78.05,3.31,82,0.0,0
271830,2318,0.0,0.69,0,0.0,0
263750,13122,43.33,3.24,982,0.0,0
251970,21409,22.02,2.71,2639,0.72,420
168360,1331,0.0,10.27,0,0.0,0
087010,6533,0.0,30.54,0,0.0,0
064800,1573,0.0,0.79,0,0.0,0
119500,4225,23.98,0.75,132,1.9,60
389140,2688,0.0,6.42,0,0.0,0
105760,7803,12.49,0.94,586,0.0,0
009520,2685,819.29,4.27,14,0.17,20
189690,2718,12.96,0.85,179,2.16,50
318020,3972,37.32,1.19,127,0.0,0
256630,1270,49.5,0.94,24,0.0,0
331380,760,0.0,2.27,0,0.0,0
208710,4085,0.0,0.57,0,0.0,0
472850,6560,14.72,1.75,779,2.18,250
039980,1339,170.59,2.17,17,0.0,0
041910,9680,25.47,0.84,320,0.0,0
234100,2791,7.04,0.37,147,0.0,0
041020,1792,43.45,3.44,142,0.0,0
114630,1598,6.26,0.32,82,0.0,0
290720,98,0.0,23.16,0,0.0,0
005670,10586,7.02,0.51,774,2.3,125
094940,4827,33.64,1.82,261,0.34,30
057880,111,0.0,79.19,0,0.0,0
007330,26845,14.12,0.35,672,6.85,650
093380,7307,0.0,0.37,0,2.99,80
023900,12924,14.68,0.73,639,1.71,160
371950,1307,0.0,8.13,0,0.0,0
370090,5550,2355.0,3.39,8,0.0,0
445180,5562,8.55,1.08,705,1.99,120
151910,146,0.0,4.38,0,0.0,0
220100,2429,0.0,6.57,0,0.0,0
035200,4693,15.66,0.76,227,2.11,75
334970,1166,0.0,3.1,0,0.0,0
321260,1473,10.6,1.43,199,0.95,20
053610,33802,10.29,0.73,2409,1.61,400
303360,2035,16.74,1.56,190,0.0,0
377220,1775,0.0,1.25,0,0.0,0
335810,2213,0.0,1.59,0,0.0,0
053160,10322,0.0,0.86,0,0.56,50
405000,1740,0.0,5.17,0,0.0,0
041590,835,0.0,2.84,0,0.0,0
367000,4552,0.0,1.05,0,0.0,0
075130,4529,30.66,0.67,99,3.29,100
237820,6682,15.82,0.79,335,0.0,0
023770,2174,0.0,1.43,0,0.0,0
019570,573,0.0,0.54,0,0.0,0
300080,2004,200.0,14.77,148,0.0,0
033790,2470,0.0,1.76,0,0.0,0
032580,1436,0.0,0.85,0,0.0,0
051380,2618,0.0,0.91,0,2.09,50
241820,120,0.0,2.52,0,0.0,0
452450,1619,31.84,6.41,326,0.0,0
237750,10452,13.3,0.44,344,2.19,100
460940,6174,35.05,2.33,410,0.35,50
319660,16285,7.23,1.21,2732,2.02,400
031980,20010,8.01,1.78,4444,1.97,700
002230,7885,12.9,0.56,341,5.68,250
043370,40966,3.46,0.27,3171,3.19,350
239890,5260,15.78,1.02,341,0.0,0
347740,2664,15.0,1.13,200,1.33,40
137400,24377,5.06,1.29,6231,0.32,100
257370,2291,23.96,1.25,120,0.0,0
147760,2859,0.0,0.85,0,0.0,0
128660,2809,27.02,1.1,114,4.87,150
006140,8927,10.11,0.7,620,2.87,180
376180,2342,7.9,1.31,388,3.26,100
304840,386,0.0,6.61,0,0.0,0
087600,13511,13.27,0.53,538,0.0,0
291810,1840,451.67,1.47,6,0.0,0
378340,6709,20.0,1.97,661,0.51,67
161580,6773,167.76,6.07,245,0.0,0
347770,2378,0.0,0.67,0,0.0,0
163730,5029,158.62,2.74,87,0.72,100
417180,1540,28.65,1.86,100,0.0,0
446750,0,0.0,0.0,0,0.0,0
448370,0,0.0,0.0,0,0.0,0
454750,0,0.0,0.0,0,0.0,0
454640,0,0.0,0.0,0,0.0,0
469880,0,0.0,0.0,0,0.0,0
469900,0,0.0,0.0,0,0.0,0
475240,0,0.0,0.0,0,0.0,0
475250,0,0.0,0.0,0,0.0,0
484130,0,0.0,0.0,0,0.0,0
299030,12249,0.0,1.85,0,0.0,0
067310,5607,0.0,2.12,0,0.59,70
166090,18161,15.77,1.41,1627,0.97,250
136480,2715,0.0,1.15,0,0.0,0
003380,31545,34.02,0.29,271,1.3,120
450330,5801,34.17,1.53,259,0.79,70
101670,1593,0.0,0.89,0,0.0,0
365590,52,0.0,12.12,0,0.0,0
149980,4147,0.0,1.23,0,0.0,0
013030,35110,7.8,0.87,3895,3.78,1150
126700,20791,4.89,0.73,3096,2.64,400
450050,0,0.0,0.0,0,0.0,0
160190,2423,0.0,14.34,0,0.0,0
221840,1970,0.0,1.0,0,0.0,0
106190,11261,9.96,1.14,1289,0.78,100
065650,164,0.0,1.4,0,0.0,0
066130,9157,6.91,0.56,740,2.74,140
004590,12395,4.54,0.42,1152,3.92,205
039340,8714,14.04,0.64,396,2.7,150
034950,26675,17.91,3.68,5477,4.03,3954
222980,3245,557.14,1.2,7,0.0,0
256840,3385,27.44,1.61,199,0.0,0
219750,432,0.0,2.88,0,0.0,0
025550,5190,0.0,0.73,0,0.0,0
017890,24818,8.24,0.4,1193,1.12,110
080720,1141,0.0,2.39,0,0.0,0
041460,3196,23.44,1.53,209,1.43,70
101680,4970,13.13,0.47,179,0.0,0
039740,6190,6.66,0.48,449,0.0,0
053300,4627,33.76,2.0,274,1.62,150
025770,8644,9.54,1.35,1222,0.0,0
458610,0,0.0,0.0,0,0.0,0
464440,0,0.0,0.0,0,0.0,0
479880,0,0.0,0.0,0,0.0,0
062970,276,0.0,14.8,0,0.0,0
023760,2154,3.39,0.36,228,3.88,30
054040,11352,5.16,0.45,980,5.53,280
021650,5832,4.19,0.43,597,3.4,85
032300,6550,45.95,2.44,348,0.31,50
037230,3612,47.38,0.55,42,2.01,40
448900,9409,22.61,1.71,713,0.0,0
030520,14477,56.41,2.25,577,1.26,410
052600,3248,16.6,1.51,296,3.66,180
256150,7355,13.45,0.84,458,4.06,250
092460,10507,11.54,0.92,839,3.1,300
452190,1212,0.0,4.54,0,0.0,0
047080,487,21.01,2.98,69,0.0,0
452280,3440,29.67,2.1,244,0.0,0
066980,1170,0.0,1.25,0,0.0,0
114810,6593,8.16,1.39,1125,0.0,0
070590,922,0.0,1.86,0,0.0,0
042520,5149,0.0,1.75,0,0.0,0
430690,3270,538.18,1.81,11,0.0,0
078350,10741,5.58,0.89,1712,0.0,0
045100,36261,3.94,0.49,4527,3.64,650
320000,1342,0.0,2.15,0,0.0,0
091440,2354,0.0,1.3,0,0.0,0
276730,530,0.0,4.2,0,0.0,0
024740,4076,12.05,0.59,198,0.0,0
005860,3964,41.24,0.97,93,1.3,50
007770,30776,6.88,0.32,1422,0.51,50
198940,1208,0.0,0.64,0,0.0,0
058450,1379,0.0,0.91,0,0.0,0
107640,9099,11.84,2.78,2136,0.0,0
079170,13030,6.04,0.61,1319,2.76,220
054920,5548,0.0,0.69,0,0.0,0
457370,6867,10.11,1.26,856,0.0,0
002680,1485,0.0,0.53,0,0.0,0
098070,12660,12.63,2.97,2981,1.2,450
455310,0,0.0,0.0,0,0.0,0
498390,0,0.0,0.0,0,0.0,0
034810,23981,42.07,0.33,188,2.84,225
03481K,0,0.0,0.0,0,2.92,230
059270,3543,0.0,1.63,0,0.0,0
076610,348,0.0,1.71,0,0.0,0
220180,3513,63.75,0.8,44,0.0,0
214180,16738,6.66,0.9,2254,3.26,490
234340,17320,22.05,1.49,1168,1.36,350
084990,3094,0.0,0.94,0,0.0,0
187660,161,0.0,7.84,0,0.0,0
170030,10222,6.71,0.56,857,3.48,200
319400,1506,21.33,3.26,230,1.02,50
048410,933,0.0,9.66,0,0.0,0
052260,4600,27.37,1.13,190,1.35,70
016790,472,6.58,2.11,151,0.0,0
041440,10552,22.74,0.8,369,0.83,70
039010,12834,4.47,0.62,1793,4.99,400
090850,4097,13.19,1.62,502,2.57,170
460930,6599,41.41,2.99,476,0.51,100
092300,5827,6.13,0.48,456,1.79,50
138360,1081,6.44,0.67,112,0.0,0
011080,792,0.0,1.16,0,0.0,0
308100,5710,0.0,0.52,0,0.0,0
060560,1323,21.7,0.61,37,3.74,30
064240,2462,99.42,1.05,26,0.0,0
039610,9081,15.06,1.13,682,0.0,0
126640,3048,17.43,0.43,75,3.83,50
127980,3918,15.93,1.56,383,5.74,350
061250,2526,13.87,0.49,89,0.0,0
097870,9469,13.03,0.75,548,0.0,0
290270,4890,8.69,0.76,428,1.08,40
353190,1053,15.93,0.68,45,0.0,0
090710,1135,0.0,2.03,0,0.0,0
078590,892,6.28,0.61,86,0.0,0
205470,2026,0.0,0.74,0,0.0,0
115160,3632,0.0,0.29,0,0.0,0
028080,4943,0.0,0.44,0,0.0,0
175140,1990,0.0,2.73,0,0.0,0
200670,22159,15.47,2.65,3795,1.07,630
065510,10624,9.84,0.74,801,2.54,200
263920,898,12.99,1.0,69,0.0,0
243070,29300,11.34,0.96,2487,2.23,630
084110,42702,23.26,1.15,2113,1.07,525
145020,74668,29.43,4.94,12520,0.0,0
024060,5428,361.16,2.86,43,0.19,30
010240,9862,5.75,0.55,952,4.02,220
189980,2443,14.75,0.8,133,3.57,70
037440,6498,5.23,0.82,1023,2.8,150
238490,6368,13.93,0.53,244,0.0,0
